key,text
bio_102073,Nhung cuoi cung khong phai doi thu cua Vien Thieu nen thua tran va chet
bio_1020E9,[loi extract]
bio_1020F1,Nhung vi Luu Bi roi di va loan su o bien gioi Tay Luong
bio_1021ED,Dong Trac
bio_1021F8,Nhung sau do bi su thong minh va muu luoc cua ong lam say me
bio_102259,Khi giao chien voi Quan Vu thi thua tran dau hang
bio_1022AC,Vuong Lang
bio_1022B1,Sau duoc Tao Thao trong dung roi chuyen sang phuc vu ong
bio_1022F9,Kien quyet khuyen Ma Ung phai dong quan o vi tri chan duong
bio_10238D,Cuoi cung khien Lu Bo giet Dong Trac
bio_1023E1,Tung dua ra loi khuyen dung dan cho Quan Vu
bio_102457,[loi extract]
bio_10245D,Khi Tao Thao nam xuong thi dau hang phuc vu ong
bio_1024A9,Cung Nhan Luong la mot trong nhung tuong hung manh tieng tam
bio_1024F5,[loi extract]
bio_1024FD,Tao Thao trung ke giet Thai Muu va Truong Van
bio_10255E,[loi extract]
bio_102565,Sau bi Vien Dam tan cong roi dau hang Tao Thao
bio_1025D9,Cung Tao Hong va Tao Nhan giu quan Ngo
bio_10262B,[loi extract]
bio_102633,Cuoi cung ket thuc thoi loan lac Tam Quoc
bio_102693,Tu Ma Chieu
bio_10269B,Ke thua quyen luc tuong quan
bio_102711,Tu Ma Su
bio_10271B,Nam quyen thuc te cua nha Nguoi
bio_10276F,Dien Phong
bio_102775,Lai manh me chu truong khang chien lau dai voi Tao Thao
bio_1027E9,Khi biet Thai Muu dinh am sat Luu Bi
bio_102889,Theo lenh Gia Cat Luong pho tro Quan Vu tri Kinh Chau
bio_1028BD,Gia Cat Luong trong Bieu chinh tac ca nang tai cua Huong Sung
bio_102909,Ton Quyen rat danh gia cam dan va muu luoc cua ong
bio_102971,[loi extract]
bio_102979,Mot trong nhung than cung co cong diet Tac Khuong
bio_1029C9,Tung dich thu voi Luc Kang con cua Luc Ton o Tuong Duong
bio_102A55,Khong may thua tran va bi giet
bio_102AAD,Tung danh bai Tao Tu khi Tao Phi chinh Ngo
bio_102B01,Khi Tao Thao khoi binh danh Dong Trac thi gia nhap phe ong
bio_102B5D,Ly Nhu
bio_102B65,Khi Dong Trac bi giet thi cung bi xu tu
bio_102BDF,[loi extract]
bio_102BE5,O Mien Truc giao chien voi Hoang Trung ngang tam
bio_102C51,[loi extract]
bio_102C59,Sau trung ke Duong Bieu va Quach Phien chia re
bio_102CC9,Duoc Ha Hau Don gioi thieu nen Tao Thao trong dung
bio_102D65,[loi extract]
bio_102D70,Sau khi Quan Vu bi bat va chet
bio_102DCD,[loi extract]
bio_102DD5,Van xong pha cuu Ton Quyen va Tu Thanh bi vay
bio_102E41,[loi extract]
bio_102E49,Luc Quan Vu nguy cap lai xui Luu Phong khong cuu
bio_102EE5,[loi extract]
bio_102EED,The Gia Cat Luong quyet dinh nam chinh binh dinh
bio_102F65,Cung Manh Dat muu don Luu Bi vao Thuc
bio_102FCB,[loi extract]
bio_102FD1,Cuoi cung bi Truong Phi chem chet
bio_103051,Vi cha bi Cam Ninh ban chet nen thu han sau sac
bio_1030F0,Nhung vi cung chu bac phan doi Tao Thao xung Vuong
bio_10315D,Nen am muu don Luu Bi vao Thuc
bio_103219,Vi the truoc khi chet Ton Sach co di chuc
bio_103295,[loi extract]
bio_10329D,Trong tran Quan Do phan sang phe Tao Thao
bio_103321,[loi extract]
bio_103329,Khi Gia Cat Luong bac phat nha Nguoi
bio_103389,Nhung cuoi cung tin loi Duong Tong ban nuoc cau vinh
bio_1033F9,[loi extract]
bio_103401,Nhung sau cam phuc Tao Thao nen quy thuan
bio_103469,Nho khau tai ba cuon khien Tao Thao bo y dinh do
bio_1034E5,Sau kien tri giu Lac Thanh chong Luu Bi
bio_103551,Ong than danh quan Vien Thieu tai truong
bio_1035FF,[loi extract]
bio_103605,Tu khi Tao Thao khoi binh da theo ong
bio_103699,Xu tu tat ca Tao Sang va nhung nguoi lien quan
bio_1036E1,Bat buoc ong lam tho trong bay buoc
bio_103770,Tu Vien
bio_103775,Trong tran Quan Do dau hang Tao Thao
bio_1037E1,[loi extract]
bio_1037E9,Sau khi Dong Trac chet lien quan Ly Tac danh Truong An
bio_103835,La mot trong nhung mu si noi tieng cua Tao Thao
bio_1038B5,Cung khien quan Vien Thieu thua o Quan Do va diet vong
bio_10394D,[loi extract]
bio_103955,Cam thay ong gian xao lanh lung nen roi bo
bio_1039F1,[loi extract]
bio_103A65,Va nhuong Xu Chau cho Luu Bi quan ly
bio_103AA5,[loi extract]
bio_103AAD,Ban dau khong phuc Chu Du con tre
bio_103B21,[loi extract]
bio_103B29,Thuong lam su gia den Dong Ngo
bio_103B69,Cuoi cung bi Tao Thao ghen tuong ma chem dau
bio_103BEB,[loi extract]
bio_103BF1,Rat hieu ro cach danh tran cua Tao Thao
bio_103C95,Luc Quan Vu bi vay Mai Thanh den Thuong Dung cau vien bi tu choi
bio_103CF9,Khi Luu Bi cung duong tan cung thi cuu giup ong
bio_103D65,Luc dau Luu Bi dinh nhan nuoi ong
bio_103DDD,[loi extract]
bio_103DE5,Nho thi hanh chinh nhan ai
bio_103E20,Luu Chuong
bio_103E25,Cuoi cung vi dan chung ma mo thanh dau hang
bio_103EA1,[loi extract]
bio_103EAC,Cung Thai Muu nam quyen thuc te Kinh Chau
bio_103F19,[loi extract]
bio_103F21,Khong chiu dau hang quy huong bac tu an tu
bio_103F9F,[loi extract]
bio_103FA5,Khi giao chien voi Luu Bi lap nhieu cong lon
bio_103FDF,[loi extract]
bio_103FE5,Nen truoc khi chet K.M.Luong di chuc Tuong Hoan lam thua tuong
bio_10404B,[loi extract]
bio_104051,Khien Tao Thao giet Thai Muu va thuy doc
bio_1040DC,Thai Muu
bio_104181,Gia Cat Can
bio_10418C,Tung nhieu lan lam su gia den Thuc Han
bio_10426D,[loi extract]
bio_104275,Sau khi Luu Bi chet duoc Gia Cat Luong trong dung
bio_1042DD,Thuong cap cho Luu Bi nhieu tien bac
bio_104329,La nguyen lao ba doi cua Dong Ngo
bio_104371,Tung cung Ma Dang tan cong Ly Tac o Truong An
bio_104405,[loi extract]
bio_10440D,Nhung sau bi Quan Vu mot dao giet tren ngua
bio_104489,Vi bao thu cha ma giao chien voi Dong Ngo
bio_1049A1,[loi extract]
bio_1049AB,Khong xam pham lan nhau
bio_1049DA,[loi extract]
bio_1049EA,[loi extract]
bio_1049FA,[loi extract]
bio_104A0A,[loi extract]
bio_104A18,Lien minh dong minh
bio_104A1D,[loi extract]
bio_104B4F,Gioi thieu nhan vat
bio_104B61,[loi extract]
bio_104BD5,Hay chon quan huyen muc tieu do tham
bio_104C1B,[loi extract]
bio_104C82,Hay chon tuong phu trach tim kiem nhan tai
bio_104CAC,Chuyen trang
bio_104D40,Quan ta thieu luong thao
bio_104D71,Du suc chien lau dai voi dich tren nui rung
bio_104DA9,Chi huy van quan tat co sai sot
bio_104DF0,Quan doi khong luyen tap
bio_104E1B,Thanh nay sap giet ngua de an
bio_104E8F,Ban chat khong phai viec than nen ban
bio_104EF7,Neu minh cong cu mot tuong lam thai thu
bio_104F47,Sai lam la goc re lam nuoc lung lay
bio_104F64,Nguoi nay chac khong phu mong doi cua chu cong
bio_104F7B,Neu dung nguoi nay nuoc chac loan
bio_104F9B,Chac tuong si tan tam phuc vu
bio_104FD7,Tien co han tap quan vo dung
city_0FCDA0,Huong Binh
city_0FCDA8,Bac Binh
city_0FCDB8,Tan Duong
city_0FCDC0,Nam Pi
city_0FCDC8,Binh Nguyen
city_0FCDD8,Bac Hai
city_0FCDE0,Phuc Duong
city_0FCDE8,Tran Luu
city_0FCDF0,Lac Duong
city_0FCDF8,Hong Nong
city_0FCE00,Truong An
city_0FCE08,An Dinh
city_0FCE10,Thien Thuy
city_0FCE18,Tay Luong
city_0FCE20,Ha Bi
city_0FCE28,Tu Chau
city_0FCE38,Nhu Nam
city_0FCE48,Tan Da
city_0FCE50,Tuong Duong
city_0FCE58,Thuong Ung
city_0FCE60,Giang Ha
city_0FCE68,Giang Lang
city_0FCE70,Vo Lang
city_0FCE78,Truong Sa
city_0FCE80,Quy Duong
city_0FCE88,Linh Lang
city_0FCE90,Tho Xuan
city_0FCE98,Kien Nghiep
city_0FCEA8,Hoi Ke
city_0FCEB0,Lu Giang
city_0FCEB8,Sai Sang
city_0FCEC0,Han Trung
city_0FCEC8,Ha Ben
city_0FCED0,Tu Dong
city_0FCED8,Thanh Do
city_0FCEE0,Vinh An
city_0FCEE8,Giang Chau
city_0FCEF0,Kien Ninh
city_0FCEF8,Van Nam
city_0FCF00,Nam Hai
city_0FCF08,Di Chau
city_0FCF28,Dong Phong
city_map_110DB8,Huong Binh
city_map_110E40,Bac Binh
city_map_110F50,Tan Duong
city_map_110FD8,Nam Pi
city_map_111060,Binh Nguyen
city_map_111170,Bac Hai
city_map_1111F8,Phuc Duong
city_map_111280,Tran Luu
city_map_111308,Lac Duong
city_map_111390,Hong Nong
city_map_111418,Truong An
city_map_1114A0,An Dinh
city_map_111528,Thien Thuy
city_map_1115B0,Tay Luong
city_map_111638,Ha Bi
city_map_1116C0,Tu Chau
city_map_111748,Hu Xuong
city_map_111858,Nhu Nam
city_map_111968,Tan Da
city_map_1119F0,Tuong Duong
city_map_111A78,Thuong Ung
city_map_111B00,Giang Ha
city_map_111B88,Giang Lang
city_map_111C10,Vo Lang
city_map_111C98,Truong Sa
city_map_111D20,Quy Duong
city_map_111DA8,Linh Lang
city_map_111E30,Tho Xuan
city_map_111EB8,Kien Nghiep
city_map_111FC8,Hoi Ke
city_map_112050,Lu Giang
city_map_1120D8,Sai Sang
city_map_112160,Han Trung
city_map_1121E8,Ha Ben
city_map_112270,Tu Dong
city_map_1122F8,Thanh Do
city_map_112380,Vinh An
city_map_112408,Giang Chau
city_map_112490,Kien Ninh
city_map_112518,Van Nam
city_map_1125A0,Nam Hai
city_map_112628,Di Chau
dialogue_105000,Hay mau chiem dan binh
dialogue_105023,Them tru thue nang va cac khoan dong gop
dialogue_105073,Quan ta se nhan vien tro lien tuc
dialogue_1050A5,La nguyen nhan song chet cua tam quan
dialogue_1050E3,La chia khoa chien thang
dialogue_105101,Dam lam nhu vay
dialogue_105125,UNK
dialogue_1051C8,Hay chon tuong dan quan xuat chinh
dialogue_10528B,So luong lua mang theo
dialogue_1052CC,Hay chon doi van chuyen luong thao
dialogue_1052E8,Hay chi dinh tuong huan luyen quan
dialogue_105300,Hay chi dinh tuong van bu vat tu
dialogue_10531F,Toi da nhieu tuong
dialogue_105368,Hay chon vu khi muon che tao
dialogue_10537F,Tuong chiem binh
dialogue_105393,Tuong thuc hien muu binh
dialogue_1053B0,Hay chon tuong thuc hien the binh
dialogue_1053CB,Chon tuong phan bo lai binh si
dialogue_105418,Khong hieu ly tri tri quoc
dialogue_105493,Sao co binh thua cho don dien
dialogue_1054B7,Sau vai nam duoc tram van ho lua
dialogue_1054EB,Hoa vat kho van xa
dialogue_105519,Chac chan du tru quan nhu
dialogue_10554E,Khong thong chinh su
dialogue_105567,Co the tich tru quan luong lon
dialogue_105593,Dung tien thua sua thanh kho giu
dialogue_1055BF,Ke dich kho long chiem
dialogue_1055F5,Phat tan quan luong cuu dan luu lac
dialogue_10561B,Dan la goc quoc gia
dialogue_105634,Nay minh cong vi mot no gian hai dan chung
dialogue_1056CB,Khoc kho dinh tue va thue cho dan
dialogue_10574B,Luc nay mot ho lua den hang chuc van
dialogue_105789,UNK
dialogue_10579C,Tich luong chuan bi chien la thuong sach
dialogue_1057B1,Ban lua de chuan bi quan tu
dialogue_1057C9,Chi dung vu khi phong thuong
dialogue_1057E1,Kiem tang anh hung
dialogue_1057FE,Luc nay mua nu la khong sang
dialogue_105813,Muon ban xa phai cam nu luyen tap
dialogue_105848,Va muon lam lan nhu
dialogue_10586D,Day la ngua Dai Uyen tot cua Tay Vuc
dialogue_105899,Hay chi dinh tuong khai phat dat
dialogue_1058CD,Tuong phat trien
dialogue_1058E5,Hay chon tuong tri thuy chong hong
dialogue_105904,Hay chi dinh tuong day cung tuong
dialogue_10593D,Hay chi dinh tuong thieu sat cuop pha
dialogue_105987,Dieu chinh thue suat moi la
dialogue_10599D,Hay chon hang hoa muon giao dich
dialogue_1059B8,Hay phai tuong mua lua
dialogue_1059DD,Hay chi dinh tuong mua vu khi tuong
dialogue_1059F9,Hay chi dinh tuong mua nu tien
dialogue_105A11,Hay chi dinh tuong mua ngua
dialogue_105A2C,Loai ke xa lan kho thanh cong
dialogue_105A5F,Thanh su thi khong co tuong manh tro giup
dialogue_105ABF,Chu ta dac mang thu mat den
dialogue_105ADC,Dam do lo do thi tran ta
dialogue_105AFD,UNK
dialogue_105B13,Ke gian muon chia re hai ta
dialogue_105B2D,Ta quyet khong lam viec bat nghia nay
dialogue_105B8C,Chu cong dung mot thu khich dong ho
dialogue_105BE2,Quan than dong long
dialogue_105C17,Ngai co quan chung ngan dam
dialogue_105C53,Ai theo ta o day
dialogue_105C87,Sao lam viec phan chu
dialogue_105CA9,Tieu ky nay chac bi phat hien
dialogue_105CDD,Ke nay se khien ke tu giet nhau
dialogue_105D0F,Neu thay cho yeu tren thu
dialogue_105DC5,Rat hay
dialogue_105DD3,Sao xoa lam roi het
dialogue_105DE9,UNK
dialogue_105E01,Chac la ngai so ta biet chi tiet
dialogue_105E55,Tieu ky muon lua ta
dialogue_105E70,Du tri da muu
dialogue_105E87,Tru di mot dai hoan trong long
dialogue_105EB7,Nay mao hiem mang den bao cho tuong
dialogue_105EF5,Phan tac vo le the
dialogue_105F09,Den truoc trai
dialogue_105F20,Ta muon ngai lam tien phong
dialogue_105F31,Chua luyen thuan thuc
dialogue_105F4D,Neu quan ho luyen thuan
dialogue_105F7B,Ta sao trung ke
dialogue_105FD0,Minh cong khong can lo
dialogue_106001,Ke nay kho thanh cong
dialogue_10601F,Co the nhan co pha tuong thanh
dialogue_106041,Ke kho nhu khong lua duoc ong
dialogue_10606D,Can mot nguoi lam gia hang cho ta
dialogue_10609D,Hon la hang de van toan
dialogue_1060ED,Ngai noi loi nay
dialogue_10612B,Nhung bat loi cho quan
dialogue_10615B,Khong xet mat quan vien
dialogue_10619D,Cung la tuong lon mot phuong
dialogue_1061F4,Ta tu thuo doc binh thu
dialogue_106213,Nhu tre con mong cha me
dialogue_10623B,Neu ngai lap dai cong
dialogue_106283,Dam treu choc ta
dialogue_1062BB,Co dong gi cung bi ong biet
dialogue_1062FD,Day la ke phu do chou thao
dialogue_106339,Chac khong phuc vu minh cong
dialogue_10635B,Mang mot tuong lam su
dialogue_106387,Tuong khong binh an
dialogue_106399,Nen khong dung tuong gioi quyet tu chien
dialogue_10645F,Theo loi ngai
dialogue_10646B,Khong the bo roi
dialogue_106483,UNK
dialogue_10649D,Chi can mot thu ket noi noi ung
dialogue_1064DD,Nay la than phan phan tac
dialogue_106537,Minh cong neu co hanh dong
dialogue_106567,Bi van dai nhuc nha
dialogue_10659B,Di nay chac khong thanh
dialogue_1065C1,Thay mot sao tuong sap roi
dialogue_1065F5,UNK
dialogue_106603,Ban cung o day
dialogue_10661B,Chung ta theo lenh chu den lay mang ngai
dialogue_106647,Sao gia mao binh linh o day
dialogue_106685,UNK
dialogue_1066BE,UNK
dialogue_1066E8,So binh si
dialogue_106706,UNK
dialogue_10671C,Trang thai
dialogue_106799,Ten tai da
dialogue_1067A1,So quan chu
dialogue_106814,Bo cuoc
dialogue_10681A,Quyet dinh
dialogue_10686E,Loai bao vat
dialogue_106895,Chua lien minh
dialogue_1068A1,Lien minh cong thu
dialogue_1068C3,Nguoi quan ly
dialogue_1068FB,Chon hai quoc gia thuc hien
dialogue_10691A,Hay chon hai tuong lam mat su
dialogue_1069ED,Quan huyen khu ho ton lang
dialogue_106A0D,Hay chon tuong thuc hien ke nay
dialogue_106BA0,Hay chon tuong lam su thuc hien ke
dialogue_106BCC,Gui thu gia den
dialogue_106C1C,Hay chon quan huyen giet nguoi dao
dialogue_106CEB,Quan huyen hon nuoc mo ca
dialogue_106D09,Thuc hien ke hon nuoc mo ca
dialogue_106D4B,Hay chon quan huyen pha tuong
dialogue_106DA9,Hay chon quan huyen ke kho nhu
dialogue_106DC7,Tuong
dialogue_106DCF,Thuc hien ke kho nhu
dialogue_106E0C,Hay chon quan huyen dot luong
dialogue_106E4F,Thuc hien ke dot luong
dialogue_106E6D,Quan huyen du do hang
dialogue_106E8A,Hay chon tuong muc tieu du do
dialogue_106EA6,Hay chon tuong mat su thuc hien ke
dialogue_106EEC,Du do hang thanh cong
dialogue_106F05,Quan huyen ce phan
dialogue_106F21,Tuong muc tieu ce phan
dialogue_106F3D,Tuong mat su thuc hien ke
dialogue_106F84,Ce phan thanh cong
dialogue_106F9D,Quan huyen am sat
dialogue_106FB9,Tuong muc tieu am sat
dialogue_10700C,Thuc hien am sat
dialogue_1070D8,Quan huyen do may quan ly
dialogue_107100,Nguoi nay khong tham tien
dialogue_10711F,Nguoi nay chac se di
dialogue_107135,Chu ta mang ngan vang tang tuong
dialogue_10716D,Ta xin ra suc chon ngua
dialogue_1071B0,Nguoi nay nhu Lieu Ha Hue tai the
dialogue_1071D3,Dang mot my nhan de thu long
dialogue_107213,Tren thien ha khong anh hung khac
dialogue_107253,Chu ta muon giao nu nay lam thi
dialogue_107289,Ta se bao on nhu cho ngua
dialogue_1072A7,Nhung lo danh ti khong lap
dialogue_1072D1,Ngai muon dung mot con ngua du do
dialogue_1072F5,Ngai muon chiem thien ha
dialogue_107311,Nay co ngua tot mot con
dialogue_107365,Se bao on the nao
dialogue_107381,Sao hom nay o duoi ke nhu
dialogue_1073D8,Han khong gap chu
dialogue_1073E7,Chim tot chon cay ma dau
dialogue_10744B,Nhu mia kho gap mua
dialogue_10748B,Chac khong bi lay chuyen
dialogue_1074A5,Chac noi duoc
dialogue_1074C1,Xin tang minh cong
dialogue_1074E7,Ta sao khong het suc phuc vu
dialogue_107533,Von noi tieng co doc
dialogue_107560,Minh cong nen tu den moi
dialogue_1075A3,Ngai la nguoi trung nghia
dialogue_107600,Mong ong mo dau va cuu nan
dialogue_107665,Mong ong vi dan chung thien ha
dialogue_1076B5,Han chua gap anh hung
dialogue_1076D5,Tuong sao bo ngoc tim da
dialogue_10770F,Chung khan co y kien gi
dialogue_10772D,UNK
dialogue_10774B,Day la dao thang binh gia
dialogue_1077F9,Thu hai la pha giao
dialogue_107825,Nen quan khong dinh ma loi toan
dialogue_107891,Khong biet ke ma biet minh
dialogue_1078DB,Nen tu bao toan ma thang het
dialogue_10794D,Quan thang tien chien sau moi danh
dialogue_10799F,Quoc gia ma lam vui
dialogue_1079C1,UNK
dialogue_1079FD,Nay thoi tiet mua thu mat
dialogue_107A4E,Mong quan thu nuoi quan
dialogue_107A91,Nay ke dich co khe ha
dialogue_107ABB,Nay neu tien quan gap
dialogue_107B05,Quan ta la doi quan luyen tap
dialogue_107B57,Hon nua quan muon hy sinh
dialogue_107BF3,Nay chi nen tu bin nghi vu
dialogue_107C4D,Day la ke bao quoc
dialogue_107C93,Tuong van muon lam cuong
dialogue_107CED,Neu khong xet thoi ma tien
dialogue_107D43,Ngai nen tu duc an dan
dialogue_107D93,Hom nay tuong lai muon xuat quan
dialogue_107DE1,Minh cong vi mot no ma dong quan
dialogue_107E3D,Tuong khong nen gian ma chien
dialogue_107E99,Ben chau de quan nhieu thi khong du
dialogue_107F71,Nay lai dong binh lam loan dan
dialogue_107FE0,Cho co khe moi hanh dong
dialogue_108017,Ta muon on dinh lanh tho truoc
dialogue_10804B,So dan loan khoi day
dialogue_108079,Nen van luong du phong
dialogue_1080AF,Nhung luong thao khong du
dialogue_1080EB,Cho binh linh tan ra dong trai
dialogue_108135,Ngai nghia duc den bon phuong
dialogue_108177,Day la uy luc chu cong
dialogue_1081B5,Bon chau kho luong day lua
dialogue_1081E7,Tu than gia quoc tri binh thien ha
dialogue_108228,Chung ta de la ke ngu don
dialogue_108253,Khong co loi hay de dang chu cong
dialogue_108285,Khong phai ke vo muu biet
dialogue_1082B8,Chung khan trinh bay y kien
dialogue_1082EF,Luu Bi la anh hung
dialogue_108311,Sao phai tri hoan
dialogue_108347,Sau se chet tay tieu nhan
dialogue_10838D,Dien Phong cung ma pham thuong
dialogue_108437,Cong Lo nhu xuong trong mo
dialogue_108453,Lu Bo nhu cho soi
dialogue_10847F,Chu cong neu khong thua de diet
dialogue_1084DC,Danh tac Han phu vuong that
dialogue_10850F,So mat nghia voi thien ha
dialogue_10853B,Hang ngay luyen binh
dialogue_10857D,Chu cong khoi nghia an thien ha
dialogue_1085B7,Cac ngai tri hoan quan tam
dialogue_1085F6,Cho luc long day du
dialogue_108627,Huyen Duc von noi tieng anh hung
dialogue_1086B7,Khac voi ke bi quan truoc
dialogue_108721,Chac bo luong cuong ngua don vuong
dialogue_1087A5,Ton Sach o Giang Dong theo song
dialogue_1087F9,Nay nhu ho chiem Ky Chau
dialogue_108849,Lam ke dich bat loi
dialogue_1088B3,Lai co vien tuong Cuong
dialogue_1088DB,Hon nua co quan Cuong
dialogue_108905,Nguoi Kinh Chau goi mot trong Bat Tuan
dialogue_108963,Khong phai ke tham loi bo nghia
dialogue_1089B3,Khong the dong quan lon lai
dialogue_108A17,Moi co the tien quan dai
dialogue_108A3F,Khong the khe dich
dialogue_108A63,Nhu ho them can
dialogue_108A8D,Ngai dung binh gioi
dialogue_108AB9,Khong the chien
dialogue_108AD9,Hon la cau hoa an dan
dialogue_108B15,Ke vo dung
dialogue_108B30,Hon nua tri chinh nhan la goc
dialogue_108B5D,Thong binh phap
dialogue_108B95,Ta biet ong thuong bat man
dialogue_108BD7,Khong cho doc chuoc quyen
dialogue_108BF9,Sao khong moi den
dialogue_108C19,Tron loan an minh o day
dialogue_108C50,Tuong ta deu ve chu cong
dialogue_108C73,Chac hy sinh bao on tri ngai
dialogue_108CA4,Xong dau rot mau khong lui
dialogue_108CDD,Anh tai thien ha ve chu cong
dialogue_108D27,Neu lam le tam cung tim tai
dialogue_108D60,Dong que khong tai dung
dialogue_108D89,Chu cong nen xet nhan dung tai
dialogue_108DC1,Chu cong thuong phat ro
dialogue_108DE3,Thuong hu thi quan oan
dialogue_108E03,La phap dien thien cu ac
dialogue_108E3B,Hy sinh tan toan
dialogue_108E57,Khong vi mot nu ma hy sinh
dialogue_108E7D,La tam phuc tuong manh chu cong
dialogue_108EDA,Van tang ngua quy
dialogue_108F15,Chu cong sao tang bao vat
dialogue_108F3B,Dung si biet hy sinh vi gi
dialogue_108F5B,Giao cong chua cho nguoi nay
dialogue_108F88,La anh tuong thoi dai
dialogue_108FC1,Nguoi nay chac sinh long phan
dialogue_108FDD,La minh chau nem toi
dialogue_10900B,La tai an bang dinh quoc
dialogue_10902F,Minh cong neu truc xuat
dialogue_109061,UNK
dialogue_10908B,Hon nua viec chua ro
dialogue_1090B9,UNK
dialogue_1090E5,Neu khong diet tan goc
dialogue_109108,Hom nay khong giet tac
dialogue_109121,Giu ngai lam gi
dialogue_109143,UNK
dialogue_109165,Cach trieu chieu
dialogue_10918F,Quan huyen trieu chieu tuong
dialogue_1091AC,Khong tuong tai da
dialogue_1091BF,Tuong trieu chieu
dialogue_1091D5,UNK
dialogue_1091EF,Hay nhap so vang tang
dialogue_1092AA,Quyet khong phuc vu
dialogue_1092CC,Trieu chieu that bai
dialogue_109317,Dung sac du do
dialogue_1093B4,Trong quan khong co ma quy
dialogue_109474,Chu cong khong co bao vat
dialogue_10948F,Hay chon bao vat tang
dialogue_10958C,Khong tuong hop de trieu
dialogue_1095BC,Thuyet phuc bang dai nghia
dialogue_109650,Hay chon quan thay quan chuc
dialogue_109668,Hay chon tuong thay quan chuc
dialogue_109684,Hay chon quan chuc muon thay
dialogue_1096D8,Tong tuong chua du sau nguoi
dialogue_109704,Hay chon chu de hoi nghi
dialogue_10971D,UNK
dialogue_109738,Ke nay khong thuc hien duoc
dialogue_10978D,UNK
dialogue_109796,Hay chon quoc gia thao luan
dialogue_10989C,Hay chon quan huyen thuong tuong
dialogue_1098CE,Hay nhap so vang thuong
dialogue_1099E0,Chu cong khong con cong chua
dialogue_109A1A,Hay chon tuong cuoi cong chua
dialogue_109A37,Giao cong chua cho
dialogue_109A54,Hay chon cach xu phat
dialogue_109A67,Hay chon quan huyen xu tuong
dialogue_109A9D,Hay chon bao vat tru
dialogue_109AF0,Hay chon quan huyen truc xuat
dialogue_109B0C,Hay chon tuong truc xuat
dialogue_109B32,Quan huyen truc dau tuong
dialogue_109B4D,UNK
dialogue_109B80,Da bi truc dau thi chung
dialogue_109BC4,La ca trong dao ta
dialogue_109BFB,Hai nuoc hop thi co loi
dialogue_109C5F,May man khong lam mat mang
dialogue_109C74,Am muu ta rat gan
dialogue_109C8B,Tin nghia noi tieng chu hau
dialogue_109CD7,Minh cong nen tan cong gap
dialogue_109CF9,La uy luc chu cong
dialogue_109D11,Loai bo tin nghia
dialogue_109D31,Thieu mot nguoi bien thien
dialogue_109D7B,Khong thuyet phuc duoc
dialogue_109D95,Mang mot tuong dan quan tro
dialogue_109DAF,Thay nuoc lang co nan
dialogue_109DD5,Nuoc ta tich o lau
dialogue_109E0D,Giup vang va luong
dialogue_109E21,Khong muon cho luong
dialogue_109E37,Mang tuong dan quan pha la thuong
dialogue_109E75,Chu hau khong dam nhin ta
dialogue_109EA4,Vui ve chap nhan
dialogue_109EB1,Chu cong sao khong danh
dialogue_109EDD,Can gi cho luong ke
dialogue_109F0D,Hon la dung ke nhuu nhu
dialogue_109F62,Chon ngay hoi le
dialogue_109F7B,Khong xung mong chu cong
dialogue_109F93,Hon la dung phap nhuu nhu
dialogue_109FC7,Nay nhu chim bi ban
dialogue_109FF9,Qua nhu mong muon
dialogue_10A011,UNK
dialogue_10A047,Tot cua tot
dialogue_10A065,De cuu mang dan mot quan
dialogue_10A0A1,Hai quan chi gap tren chien truong
dialogue_10A0CF,Quyet khong hoa
dialogue_10A0E7,Nen gia lenh Thien tu
dialogue_10A13B,Lien hai ben ngung chien
dialogue_10A167,Khong nghe khuyen
dialogue_10A183,Bo mot ke vo muu
dialogue_10A1C9,Tra ve nuoc ta
dialogue_10A1DF,Khong the chuoc
dialogue_10A201,Quoc gia lien minh
dialogue_10A219,Tuong lam su
dialogue_10A238,Hay nhap thoi han lien minh
dialogue_10A311,UNK
dialogue_10A35C,Hay chon quan huyen hop tan
dialogue_10A3E0,Hay chon vat tu vien tro
dialogue_10A3F8,Hay nhap vien tro
dialogue_10A4C4,Hay chon quoc gia lien hon
dialogue_10A587,Quoc gia tien cong
dialogue_10A5A0,Hay chon vat tu tien cong
dialogue_10A611,UNK
dialogue_10A67C,Hay chon quoc gia ep buoc
dialogue_10A691,Vat tu yeu cau
dialogue_10A6AB,Ep yeu cau
dialogue_10A7E0,Hay chon quoc gia hang phuc
dialogue_10A8E5,UNK
dialogue_10A9B8,Uy tin quoc gia ton hai
dialogue_10A9D4,Hay chon quoc gia trao tu
dialogue_10AA0C,Hay chon tuong tu bin tra
dialogue_10AA27,Hay chon dieu kien trao doi
dialogue_10AA5D,Tuong tu bin dich tra
dialogue_10AA7D,UNK
dialogue_10AB84,Co quyet che tao khong
dialogue_10AC15,Co quyet thuc hien khong
dialogue_10AC3E,Kho luong trong rong
dialogue_10AD37,Hay chon vu khi muon mua
dialogue_10ADE8,Khong du vang mua nu tien
dialogue_10AE5C,Khong du vang mua ngua
dialogue_10AE8C,Khong con thanh nien tot
dialogue_10AEF0,tan binh
dialogue_10AF10,Co quyet chiem binh khong
dialogue_10AF2D,UNK
dialogue_10AF9A,Chiem binh
dialogue_10AFBC,Co quyet muu binh khong
dialogue_10B025,Ngua
dialogue_10B03C,Nu binh
dialogue_10B046,Lien nu
dialogue_10B052,Hay chon loai binh tai bien
dialogue_10B06C,Hay nhap so binh tai bien
dialogue_10B0A1,Hay chon quan huyen dich
dialogue_10B0C4,Hay chon muc van bu
dialogue_10B0F1,UNK
dialogue_10B111,Khong co vang trong
dialogue_10B128,Nhap van chuyen
dialogue_10B179,Khong co ngua trong
dialogue_10B18D,Nhap van chuyen
dialogue_10B1C1,UNK
dialogue_10B1E4,Khong co lien nu
dialogue_10B215,Khong co phat da xe
dialogue_10B24B,Khong co xe xung
dialogue_10B2B1,Khong co can lan
dialogue_10B2E5,Khong co nguyen vu
dialogue_10B394,Hon la theo minh chu khac
dialogue_10B3C9,Nghe tieng dung truong tuong
dialogue_10B417,Chua gap ai nhu minh cong
dialogue_10B467,Minh cong chi tai nap si
dialogue_10B484,Mua lon
dialogue_10B499,UNK
dialogue_10B4B1,Vi ly
dialogue_10B4B9,UNK
dialogue_10B4C3,Giam mieng
dialogue_10B4CB,Giam nghiep
dialogue_10B4D3,UNK
dialogue_10B4E3,Si khi tang
dialogue_10B4F3,Vang
dialogue_10B4FC,Tang luong
dialogue_10B514,Bao vat
dialogue_10B533,Dai nghiep thanh cong mong xuan
dialogue_10B553,Ngai thong nhat thien ha
dialogue_10B7FA,Quan xay bao loan
dialogue_10B81F,Tri do giam
dialogue_10B9DC,Khong co ton hai
dialogue_10BAB7,Chi tieu luong quan quan
dialogue_10BAD4,Tri do la
dialogue_10BB3B,Don dien thieu hut
dialogue_10BB58,Don dien binh an
dialogue_10BB72,Don dien thu hoach
dialogue_10BC1C,Quan thu tang
dialogue_10BC88,Do huan luyen tang
dialogue_10BCB2,Van chuyen tren duong
dialogue_10BD48,Moi duoc tan binh
dialogue_10BDF4,Hoan thanh
dialogue_10BE06,UNK
dialogue_10BE50,Nong nghiep tang
dialogue_10BE62,Gat nuoc ma gieo
dialogue_10BE77,Ket thuc don dien
dialogue_10BEA0,Thuong nghiep tang
dialogue_10BECC,Chong hong tang
dialogue_10BF5C,Gui cho quan chu
dialogue_10BF75,UNK
dialogue_10BFAE,Kho lua tang
dialogue_10BFC0,Lua giam
dialogue_10BFFB,Da mua nu tien
dialogue_10C00C,Da mua ngua tot
dialogue_10C234,Ha a
dialogue_10C23C,Neu bo kiem ngay
dialogue_10C274,Day la y troi
dialogue_10C28F,Dam danh 300 hoi
dialogue_10C2B3,Ngai chi co tai nay
dialogue_10C2DF,Khong lay dau ngai
dialogue_10C321,Ky thua nhan
dialogue_10C33C,Muon di
dialogue_10C345,Ta mot ten
dialogue_10C353,Khong biet la ke
dialogue_10C451,Phai vay
dialogue_10C45B,Dam xam bien gioi
dialogue_10C473,Den lay dau ngai
dialogue_10C483,UNK
dialogue_10C48F,Bao ten truoc
dialogue_10C4C5,Tra but
dialogue_10C4D3,O day
dialogue_10C4DD,Bi danh lua
dialogue_10C4E9,Ngua bi troi
dialogue_10C4FB,Tuong vo danh
dialogue_10C515,Van co chap ngo
dialogue_10C533,Sao noi bao
dialogue_10C549,Dam noi loan
dialogue_10C564,Ke tro ac
dialogue_10C57C,Loai chuot nhat
dialogue_10C594,Phan tac hang ha
dialogue_10C5A3,Sao khong hang som
dialogue_10C5B9,UNK
dialogue_10C5CC,Ke phu dung cuong
dialogue_10C5DB,UNK
dialogue_10C600,Ta quyet giet ngai
dialogue_10C60B,Co gi ke
dialogue_10C621,UNK
dialogue_10C634,O dau
dialogue_10C765,Chay mat
dialogue_10C790,Chi cong chet som
dialogue_10C7C7,Bi kinh hoang
dialogue_10C984,Ca toc mai vao lich su
dialogue_10CBBF,Bi khich dong phan
dialogue_10CF4D,Hung 11
dialogue_10CF55,Muoi hai
dialogue_10CF5D,Thuong tinh
dialogue_10CF73,UNK
dialogue_10CF79,Tau bac
dialogue_10CF8C,Dong nam
dialogue_10CF97,Viec ngai hua voi chu ta
dialogue_10CFC5,Ai theo ta cung chet
dialogue_10D033,Anh hung bon phuong cung tao dai nghiep
dialogue_10D0B3,Nhu tan may thay troi
dialogue_10D0F4,Ai dam quyet tu voi ta
dialogue_10D107,Den lay mang ngai
dialogue_10D117,Khong xung giao thu
dialogue_10D131,Dai ngu
dialogue_10D192,Rut lui toan quan
dialogue_10D1AB,UNK
dialogue_10D1B5,UNK
dialogue_10D1C2,UNK
dialogue_10D1F4,Khong the nghi duong
dialogue_10D274,Khong the khich si khi
dialogue_10D375,Vi tri bo doi
dialogue_10D38B,Vi tri cong thanh
dialogue_10D3C8,Vat tu
dialogue_10D3E8,Tran hinh
dialogue_10D42F,UNK
dialogue_10D437,UNK
dialogue_10D4A3,Binh chay chet het
dialogue_10D50B,Binh chay het
dialogue_10D5FF,Leo tuong cong thanh
dialogue_10D611,Dung van ti leo tuong
dialogue_10D641,Tan cong doi dich lien
dialogue_10D65F,Hay chon doi dich tan cong
dialogue_10D677,Hay chon doi dich ban
dialogue_10D7A1,Ke hoa tan that bai
dialogue_10D918,Quan da toan quan phuc
dialogue_10D973,Xe phat da bi pha
dialogue_10D98B,Xe xung bi pha
dialogue_10D9A2,Van ti bi pha
dialogue_10D9BC,Can lan bi pha
dialogue_10D9D1,UNK
dialogue_10D9E5,Nha pai bi pha
dialogue_10D9F9,Xa le bi pha
dialogue_10DA9F,Ce phan du do hang
dialogue_10DAD5,Ke nay can vang
dialogue_10DAF8,Quan tu khong du
dialogue_10DB15,Can vat lieu vang
dialogue_10DB80,Dot luong cuop luong
dialogue_10DBC7,Ke moai thanh cong
dialogue_10DBEF,Ke dot luong bi phat
dialogue_10DC17,Cho gian xam tham
dialogue_10DC43,Truyen tin ac
dialogue_10DC68,Tin ac trong dich trai
dialogue_10DD50,Mat tham thu tin dich
dialogue_10DD6D,UNK
dialogue_10DDDB,UNK
dialogue_10DE14,Tran hinh bo doi
dialogue_10DE70,Quyet truc dau khong
dialogue_10DE83,Bi giam trong nguc
dialogue_10DE98,Quyet tha khong
dialogue_10DEAB,Da duoc tha
dialogue_10DEBA,Bi truc dau thi chung
menu_0FE01F,[loi extract]
menu_0FE033,Dien Phong
menu_0FE08F,Chu Du
menu_0FE095,[loi extract]
menu_0FE0C7,[loi extract]
menu_0FE123,[loi extract]
menu_0FE133,Ky Van
menu_0FE157,Cat Mieu
menu_0FE15D,[loi extract]
menu_0FE163,[loi extract]
menu_0FE183,Tuy Cao
menu_0FE193,Ha Uyen
menu_0FE1A5,[loi extract]
menu_0FE1DF,Tu Vien
menu_0FE1E7,Khong Huu
menu_0FE1FB,Lu Bo
menu_0FE213,Gia Cat Khac
menu_0FE25D,[loi extract]
menu_0FE263,Vien Dam
menu_0FE269,[loi extract]
menu_0FE2BB,[loi extract]
menu_0FE2C1,[loi extract]
menu_0FE2E5,Ly Que
menu_0FE313,Luc Tich
menu_0FE333,Sa Ma Kha
menu_0FE35B,[loi extract]
menu_0FE367,[loi extract]
menu_0FE36D,[loi extract]
menu_0FE387,Do Tu Dai Vuong
menu_0FE391,Dien Vi
menu_0FE3B3,[loi extract]
menu_0FE3C9,[loi extract]
menu_0FE3D3,Chu Thai
menu_0FE3D9,[loi extract]
menu_0FE3E3,[loi extract]
menu_0FE3FB,Phap Chinh
menu_0FE419,[loi extract]
menu_0FE45B,[loi extract]
menu_0FE467,Phi Y
menu_0FE48B,Chuong Tu
menu_0FE491,Tong Du
menu_0FE4CF,Tuong Vi
menu_0FE4DB,[loi extract]
menu_0FE509,[loi extract]
menu_0FE52B,Ma Tieu
menu_0FE543,Phu nhan Chuc Dung
menu_0FE55F,[loi extract]
menu_0FE56B,[loi extract]
menu_0FE571,[loi extract]
menu_0FE587,[loi extract]
menu_0FE5B1,[loi extract]
menu_0FE5BF,Chau Thu
menu_0FE5CD,Vuong Lang
menu_0FE5D7,Ha Hau Don
menu_0FE5DF,Ha Hau Uyen
menu_0FE5EB,[loi extract]
menu_0FE5F1,[loi extract]
menu_0FE5F7,Ha Hau Ba
menu_0FE613,[loi extract]
menu_0FE647,Vo Ban
menu_0FE64D,Hau Can
menu_0FE659,[loi extract]
menu_0FE665,[loi extract]
menu_0FE66B,Ton Hao
menu_0FE677,Ton Sach
menu_0FE680,Ton Quyen
menu_0FE68B,Ton Thieu
menu_0FE69B,Ton Tinh
menu_0FE6A3,Nham Kien
menu_0FE6BB,[loi extract]
menu_0FE6C7,Ton Khang
menu_0FE6D3,Ton Kiet
menu_0FE6D9,[loi extract]
menu_0FE6DF,[loi extract]
menu_0FE70D,[loi extract]
menu_0FE713,[loi extract]
menu_0FE723,Luong Ky
menu_0FE72C,Hoan Pham
menu_0FE74F,Quan Khac
menu_0FE76B,Canh Ky
menu_0FE777,Tu Ma Y
menu_0FE78F,Hua Chu
menu_0FE79B,Tun Tu
menu_0FE7B5,[loi extract]
menu_0FE7BB,[loi extract]
menu_0FE7CB,Vien Thieu
menu_0FE7D1,Vien Thu
menu_0FE7D8,Vien Thu
menu_0FE7E3,[loi extract]
menu_0FE7E9,Vien Dam
menu_0FE7EF,Vien Dam
menu_0FE7FB,Cong Ton Toan
menu_0FE80D,Vuong Ky
menu_0FE817,Ma Tu
menu_0FE81F,Vuong Binh
menu_0FE83F,Tieu Thua
menu_0FE857,[loi extract]
menu_0FE85D,[loi extract]
menu_0FE897,[loi extract]
menu_0FE8AF,Thoi Diem
menu_0FE8D7,Truong Huu
menu_0FE8F3,Tuong Dong
menu_0FE90D,[loi extract]
menu_0FE923,Truong Phi
menu_0FE934,Truong Duong
menu_0FE93F,Truong On
menu_0FE945,[loi extract]
menu_0FE94F,[loi extract]
menu_0FE967,Truong Lieu
menu_0FE96D,Truong Ho
menu_0FE973,Truong Dich
menu_0FE97F,Truong Mieu
menu_0FE9A7,Truong Ky
menu_0FE9CB,Truong Cung
menu_0FE9D1,Truong Hoa
menu_0FE9FB,Tao Phi
menu_0FEA01,Tao Tu
menu_0FEA0F,Tao Vu
menu_0FEA17,Quan Binh
menu_0FEA1D,[loi extract]
menu_0FEA3F,[loi extract]
menu_0FEA57,Tao Chan
menu_0FEA7B,Tao Chi
menu_0FEA81,Tao Chuong
menu_0FEAAF,Tao Due
menu_0FEACF,Vu Quynh
menu_0FEAD5,Vu Tu
menu_0FEAFF,Dien Vi
menu_0FEB05,[loi extract]
menu_0FEB13,Quach Do
menu_0FEB27,Tuong Uy
menu_0FEB2D,[loi extract]
menu_0FEB57,[loi extract]
menu_0FEB6F,Tran Cong
menu_0FEB7D,Tran Cuu
menu_0FEB8B,[loi extract]
menu_0FEB9F,[loi extract]
menu_0FEBAF,Tran Co
menu_0FEBBF,Tran Uong
menu_0FEBCB,[loi extract]
menu_0FEBDB,Tran Dang
menu_0FEBE1,Gia Cat Khac
menu_0FEBE8,Lu Ton
menu_0FEBED,Lu Khang
menu_0FEBF3,Lu Tong
menu_0FEBF9,Tang Hoi
menu_0FEC07,Dau Khiem
menu_0FEC1B,Phuc Tan
menu_0FEC29,Phung Nhuan
menu_0FEC3B,Truong Tong
menu_0FEC41,[loi extract]
menu_0FEC4F,Mang Lai dong chu
menu_0FEC6D,[loi extract]
menu_0FEC7F,Trinh Vien Chi
menu_0FEC8B,Trinh Dong
menu_0FEC97,[loi extract]
menu_0FEC9F,Thanh Pho
menu_0FECA5,[loi extract]
menu_0FECBB,Than Dam
menu_0FECC3,[loi extract]
menu_0FECE7,Hoang Gai
menu_0FED07,Hoang Quyen
menu_0FED37,Viet Cat Nguyen soai
menu_0FED5F,Duong Tu
menu_0FED77,Dong Uy
menu_0FED7D,[loi extract]
menu_0FED8D,Tang Tung
menu_0FED9F,[loi extract]
menu_0FEDA7,[loi extract]
menu_0FEDAF,[loi extract]
menu_0FEDB7,Tuong Quan
menu_0FEDBF,Dong Trac
menu_0FEDDB,Dong Uy
menu_0FEDE1,[loi extract]
menu_0FEDEB,[loi extract]
menu_0FEDFB,Han Toai
menu_0FEE0B,[loi extract]
menu_0FEE11,Vuong Lang
menu_0FEE17,[loi extract]
menu_0FEE23,[loi extract]
menu_0FEE4B,[loi extract]
menu_0FEE67,Lieu Hoa
menu_0FEE87,Lu Khang
menu_0FEEA0,Trieu Van
menu_0FEEC7,Luu Vinh
menu_0FEED5,[loi extract]
menu_0FEEFF,Luu Bi
menu_0FEF13,Luu Ky
menu_0FEF23,[loi extract]
menu_0FEF29,Mau Thach
menu_0FEF2F,Duong Nghi
menu_0FEF35,[loi extract]
menu_0FEF3B,Luu Thien
menu_0FEF4F,Luu Phuc
menu_0FEF61,Khong Dung
menu_0FEF75,[loi extract]
menu_0FEF87,Khoai Luong
menu_0FEFAB,[loi extract]
menu_0FEFB3,[loi extract]
menu_0FEFD1,[loi extract]
menu_0FEFF3,Tran Ung
menu_0FEFFC,Luu Ba
name_0FC010,[loi extract]
name_0FC018,[loi extract]
name_0FC028,Thuan Vu
name_0FC040,Ha Hu Xuong
name_0FC050,Tu Kinh
name_0FC058,Hu Chu
name_0FC078,Phung Ky
name_0FC080,Quach Phien
name_0FC098,Quach Hoai
name_0FC0A0,Quach Gia
name_0FC0C8,[loi extract]
name_0FC0F0,Tran Cuu
name_0FC100,Tran Dang
name_0FC108,Tran Quan
name_0FC128,Tran Kieu
name_0FC130,Tran Lan
name_0FC148,Tran Kien
name_0FC150,Luc Kang
name_0FC178,[loi extract]
name_0FC1A0,Pho Dam
name_0FC1B0,Hoa Tan
name_0FC1B8,Hoa Giac
name_0FC1D8,Dong chu
name_0FC1E0,Kham Hung
name_0FC1F8,Tiep Binh
name_0FC200,Trinh Vien Chi
name_0FC250,Phi Y
name_0FC260,Hoang Trung
name_0FC268,Hoang To
name_0FC288,Hoang Hao
name_0FC290,Hoang Thieu
name_0FC2A8,Phung Tap
name_0FC2D0,Nha Dan thua tuong
name_0FC2D8,Pho Viet Cat
name_0FC300,Duong Tong
name_0FC310,Duong Bach
name_0FC318,Duong Hung
name_0FC338,Duong Mat
name_0FC340,Duong Bieu
name_0FC358,Duong Xau
name_0FC370,Duong dai tuong
name_0FC388,Duong Han
name_0FC3B0,Dong Chieu
name_0FC3C0,Dong Hoang
name_0FC3C8,Dong Hang
name_0FC3E8,Dong Hi
name_0FC3F0,Dong Quyet
name_0FC408,Gia Khoi
name_0FC420,Gia Sung
name_0FC438,Ung Khai
name_0FC470,Cat Ung
name_0FC478,Lieu Hoa
name_0FC498,Trieu Sam
name_0FC4A0,Trieu Ngoang
name_0FC4B8,Trieu Van
name_0FC4D0,Trieu Khu
name_0FC4E8,Trieu Hung
name_0FC520,Luu Vinh
name_0FC528,Luu Tien
name_0FC548,Luu Phong
name_0FC550,Luu Do
name_0FC568,Luu Ly
name_0FC580,Luu Ky
name_0FC598,Luu Ban
name_0FC5D0,Luu Tuan
name_0FC5D8,Luu Tong
name_0FC5F8,Luu Dam
name_0FC600,Luu Thieu
name_0FC618,Khoai Luong
name_0FC630,Chung Tap
name_0FC638,Boi Nguyen Thieu
name_0FC648,Trach Nguyen
name_0FC680,Lac Tan
name_0FC688,Lac Lam
name_0FC6A8,Tuong Ky
name_0FC6B0,Tuong Kham
name_0FC6C8,Tuong Can
name_0FC6E0,Thai Trung
name_0FC6F8,Thai Duong
name_0FC750,Gia Cat Thuong
name_0FC758,Gia Cat Canh
name_0FC760,Trinh Do
name_0FC778,Trinh Van
name_0FC790,Dang Nghia
name_0FC7A8,Dang Mao
name_0FC800,Diem Tuong
name_0FC808,Hoac Quan
name_0FC810,Lac Thong
name_0FC828,Bao Long
name_0FC840,Lo Ton
name_0FC858,Kien Thac
name_0FC8B0,Chung Tan
name_0FC8B8,Chung Hoi
name_0FC8C0,Chung Dao
name_0FC8D8,Ung Thieu
name_0FC8F0,Han Dan
name_0FC908,Han Cu Tu
name_0FC960,Han Anh
name_0FC968,Han Giao
name_0FC970,Han Quynh
name_0FC988,Nhan Luong
name_0FC9A0,Quan Binh
name_0FC9B8,Quan Thuan
name_0FCA10,Bang Hoi
name_0FCA18,Nghiem Bach Ho
name_0FCA20,Nghiem Cuong
name_0FCA38,Nghiem Quan
name_0FCA50,To Phi
name_0FCA68,Dang Quan
name_0FCB50,[loi extract]
name_0FCBC8,[loi extract]
name_0FCC70,[loi extract]
name_0FCCA0,De nhat
name_0FCCA8,Tru anh hao Hoang Can
name_0FCCB0,Thu linh lap cong
name_0FCCB8,Tay Nguyen
name_0FCCC8,Phe Han trieu
name_0FCCD0,De Tran Luu
name_0FCCF0,Tao Cong Ton
name_0FCCF8,Nhuong Xu Chau
name_0FCD10,Chien quan
name_0FCD18,Do Ben Chu bai tran
name_0FCD38,Dinh tam phan thien ha
name_0FCD40,Quyet sach Long Trung
name_0FCD58,Quan Van
name_0FCD60,Thuy tac That quan
name_0FCD68,That quan
name_0FCD80,Ngu Truong Nguyen
name_0FCD88,Gia Cat tuong sao
name_0FCDC0,Nam Bi
name_0FCDE0,Phuc Duong
name_0FCDE8,Tran Luu
name_0FCDF0,Lac Duong
name_0FCDF8,Hong Nong
name_0FCE08,An Dinh
name_0FCE18,Tay Luong
name_0FCED8,Thanh Do
name_0FCEF0,Kien Ninh
name_0FCF28,Dong phong thoi
name_0FCF30,Chien co loi vang
name_0FCF38,Tam Quoc Chi
name_0FCF40,Phong van lai
name_0FCF58,Cai dat du lieu
name_0FD038,He vui ve
name_0FD080,Quan chu moi
name_0FD0A8,Chon nhan vat
name_0FD0B0,Quan chu moi
name_0FD0C8,Cap do
name_0FD0D8,Vu khi dang co
name_0FD110,Hay chon
name_0FD118,Quan chu so huu
name_0FD120,Vo tuong thuoc
name_0FD138,Chon quan chu
name_0FD140,Quan chu xuat hien
name_0FD170,Hien tai
name_0FD1A8,Cam vu khi
name_0FD1C8,Quyet dinh
name_0FD1D0,[loi extract]
name_0FD1F0,Vo luc
name_0FD210,Thong nguc
name_0FD290,Ngoai giao
name_0FD2B0,Nhan duc
name_0FD2E0,Si binh
name_0FD330,Da co xay dung
name_0FD338,Ten vo tuong moi
name_0FD368,Xoa
name_0FD3C0,Muoi mot
name_0FD408,Bat dau thuc hien
name_0FD410,Lenh thang nay
name_0FD418,Chinh lenh
name_0FD428,Quan chu khong o day
name_0FD430,Trong quan huyen
name_0FD438,Am thanh
name_0FD440,Mo
name_0FD448,Tat am thanh
name_0FD450,Nhac
name_0FD460,Tat nhac
name_0FD470,Nghi de di xa hon
name_0FD478,Di duong xa hon
name_0FD480,Xac nhan
name_0FD488,Ket thuc game
name_0FD4B8,Ra lenh
name_0FD4F0,Hay chon
name_0FD4F8,Chon file luu
name_0FD500,Vi tri
name_0FD508,Vi tri nay
name_0FD510,Da co du lieu
name_0FD518,Du lieu
name_0FD520,Ghi de file cu
name_0FD528,Tap tin
name_0FD548,Vui long doi
name_0FD550,Dang luu du lieu
name_0FD558,Dang ghi
name_0FD568,Luu xong
name_0FD570,Nhan phim
name_0FD578,Tiep tuc
name_0FD5A8,Chon file
name_0FD5B0,So hieu
name_0FD5C0,Dang tai file
name_0FD5C8,Dang nap
name_0FD5D0,Tai vao
name_0FD5D8,Hoan tat
name_0FD5E0,Nhan phim tiep
name_0FD5F0,Hay chon
name_0FD608,[loi extract]
name_0FD660,Xe tu ma
name_0FD698,Thong nguc tang
name_0FD6A0,Tang len
name_0FD6A8,Binh phap tang
name_0FD6B8,Nhan duc tang
name_0FD748,Chinh tri tang
name_0FD7C8,Ngoai giao tang
name_0FD860,Dau hang
name_0FD880,Xac nhan thuc hien
name_0FD9C0,Tam Quoc Dien Nghia
name_0FD9F0,Quan do duoc uy
name_0FD9F8,May tinh bo nhiem
name_0FDA18,Lenh
name_0FDA90,Tu binh
name_0FDA98,Bi thuong
name_0FDAA0,Bi benh
name_0FDAA8,Dang phuc vu
name_0FDB38,Vu khi
name_0FDB78,So binh
name_0FDBF8,Ke vi lon
name_0FDC08,Quan chu
name_0FDC40,Ke vi quan chu
name_0FDC78,Khong ai ke vi
name_0FDC98,Thong nhat
name_0FDCA0,Dai nghiep thanh
name_0FDCA8,Giac mong dai
name_0FDCB0,Game ket thuc
name_0FDCD0,Chay ve quan
name_0FDCD8,Kinh thanh
name_0FDCF8,Chay ve kinh
name_0FDD20,Thua Uyen
name_0FDD40,Kinh Le
name_0FDD60,Ngoc Dot
name_0FDD78,Tu Phuc
name_0FDDB0,[loi extract]
name_0FDDD0,Lu Chi
name_0FDE10,Vuong Can
name_0FDE38,Cam Thao
name_0FDE68,Khong Thuc
name_0FDE80,Cam Hoan
name_0FDED8,Cung Hy
name_0FDF00,[loi extract]
name_0FDF48,Gia Khong
name_0FDF60,Khong Nhung
name_0FDF70,Tu Lam
name_0FDF88,Doc Loc
name_0FDFC0,Tu Ma Lang
name_0FDFD0,Tu Ma Y
name_0FDFD8,Tu Ma Phu
name_0FDFE0,Lu Nong
name_0FB017,Ton Tu binh phap
name_0FB021,Man Duc tan thu
name_0FB02F,[loi extract]
name_0FB039,Ky Mon dun giap thien thu
name_0FB049,Tuong dun giap thien thu
name_0FB055,Nu thanh nang thu
name_0FB05F,Ta benh luan
name_0FB06B,Xich Tho
name_0FB073,De Lu
name_0FB07B,[loi extract]
name_0FB085,[loi extract]
name_0FB08F,O Ma
name_0FB097,Xich Tho cuon mao
name_0FB0A3,Hoang bieu ma
name_0FB0AB,[loi extract]
name_0FB0B4,Dao lon
name_0FB0BB,Dao khan lon
name_0FB0C3,Tam thien dao
name_0FB0CB,Nhat nguyet dao
name_0FB0D3,Cat dau dao lon
name_0FB0DD,Tinh bao dao
name_0FB0E9,Tam thien luong nhan dao
name_0FB0F7,Thanh Cuong
name_0FB0FF,[loi extract]
name_0FB107,Song cot kiem
name_0FB10F,Thiet bien
name_0FB117,Q.Long yen nguyet dao
name_0FB129,Son dai phu
name_0FB135,[loi extract]
name_0FB13F,Thiet chuy
name_0FB14F,Thiet tich le co do
name_0FB15B,Thiet thuong
name_0FB164,Hoa Ke
name_0FB16B,Song thiet ke
name_0FB173,Phuong Thien Ke
name_0FB183,Truong Bat Mao
name_0FB18D,Xa mao
name_0FB199,Phi xa
name_0FB1A1,Ngoc ty
name_0FB1A9,Dinh Nguyen
name_0FB1B1,[loi extract]
name_0FB1B9,[loi extract]
name_0FB1C1,Dinh Nghi
name_0FB1C9,Dinh Tu
name_0FB1D9,[loi extract]
name_0FB1E1,Vu Toan
name_0FB1E9,[loi extract]
name_0FB201,Tu Phuc
name_0FB20B,Vuong Ung
name_0FB214,Vuong Phuong
name_0FB21B,Vuong Binh
name_0FB223,Vuong Khang
name_0FB229,Vuong Khoang
name_0FB233,Vuong Phu
name_0FB239,Vuong Trung
name_0FB241,Vuong Xuong
name_0FB249,Vuong Tac
name_0FB251,Vuong Cau
name_0FB259,Vuong Uy
name_0FB271,Vuong Co
name_0FB279,Vuong Loi
name_0FB291,Vuong Song
name_0FB2B1,Vuong Tat
name_0FB2BB,Vuong Lien
name_0FB2C4,Vuong Suong
name_0FB2CB,Vuong Tuc
name_0FB2D3,Vuong Kinh
name_0FB2D9,Vuong Quan
name_0FB2E3,Vuong Chan
name_0FB2E9,Vuong Ham
name_0FB2F1,Vuong Hy
name_0FB2F9,Vuong Huong
name_0FB301,Vuong Hon
name_0FB309,Vuong Nhung
name_0FB311,[loi extract]
name_0FB31B,[loi extract]
name_0FB323,Cong Ton Tu
name_0FB32B,Cong Ton Cung
name_0FB333,[loi extract]
name_0FB33B,[loi extract]
name_0FB343,[loi extract]
name_0FB353,[loi extract]
name_0FB361,Van Binh
name_0FB36B,Van Xau
name_0FB374,Bien Hi
name_0FB37B,Vo Khu Kiem
name_0FB383,Vo Khu Dien
name_0FB38B,Mao Gioi
name_0FB393,Thai Su Tu
name_0FB3A1,Khong Uu
name_0FB3A9,Khong Tu
name_0FB3B1,Phuong Duyet
name_0FB3B9,Doan Phung
name_0FB3D3,Doan Mac
name_0FB3DB,Doan Le
name_0FB3E3,[loi extract]
name_0FB3EB,[loi extract]
name_0FB3F5,Tu Ma Viem
name_0FB3FF,Tu Ma Chieu
name_0FB407,Tu Ma Su
name_0FB40F,Tu Ma Lang
name_0FB417,Tu Ma Y
name_0FB420,Tu Ma Phu
name_0FB427,Tu Ma Vong
name_0FB42F,Tu Ma Du
name_0FB437,Tu Ma Dien
name_0FB43F,Su Hoan
name_0FB44D,Ta Linh
name_0FB455,Ta Ham
name_0FB45D,Cam Ninh
name_0FB465,Dien Chuong
name_0FB47F,Dien Tuc
name_0FB487,Dien Khai
name_0FB49D,Cau An
name_0FB4A5,Thach Bao
name_0FB4AD,Khu Kien
name_0FB4B5,Y Te
name_0FB4BD,Ngu Tap
name_0FB4C5,Ngu Quynh
name_0FB4D0,Ngu Diem
name_0FB4D7,Nham Tuan
name_0FB4DF,Toan Tong
name_0FB4E7,Toan Dich
name_0FB4EF,Toan Doan
name_0FB4FD,Toan Ky
name_0FB505,Huong Lang
name_0FB50D,Huong Sung
name_0FB515,Thanh Nghi
name_0FB51D,[loi extract]
name_0FB52F,Thanh Te
name_0FB537,Chu Quang
name_0FB53F,[loi extract]
name_0FB54D,Chu Nhien
name_0FB555,Chu Tuan
name_0FB55D,Chu Bao
name_0FB565,Chu Linh
name_0FB56D,Chu Tan
name_0FB575,Chu Di
name_0FB580,Duong Ho
name_0FB587,Cat Thai
name_0FB58F,Cat Dieu
name_0FB597,Cat Mac
name_0FB59F,Vuong Chieu
name_0FB5AD,Mang Nha Truong
name_0FB5B7,[loi extract]
name_0FB5BD,Ha Nghi
name_0FB5C5,Ha Man
name_0FB5DF,Ha Tang
name_0FB5E7,Lanh Bao
name_0FB5F7,Tu Lan
name_0FB605,Ngo Don
name_0FB60D,Ngo Canh
name_0FB615,Ngo Thac
name_0FB61D,Ngo Chat
name_0FB625,Ngo Lan
name_0FB630,Ngo Nghi
name_0FB637,Ngo Sam
name_0FB63F,Ngo Cuong
name_0FB647,Lu Bo
name_0FB64F,Lu Cong
name_0FB657,Uy Hoang
name_0FB66D,Lu Thuong
name_0FB675,Lu Khai
name_0FB67D,[loi extract]
name_0FB68F,Lu Mong
name_0FB697,Lu Pham
name_0FB6B5,Tong Trung
name_0FB6BD,Tong Qua
name_0FB6C5,Tong Hien
name_0FB6CD,Tong Khiem
name_0FB6D5,Tong Bao
name_0FB6E0,Sam Hon
name_0FB6E7,Sam Bich
name_0FB6EF,Sam Uy
name_0FB6F7,Ly Biet
name_0FB6FF,Ly Phu
name_0FB71D,Ly Khu
name_0FB725,Ly Di
name_0FB72D,[loi extract]
name_0FB73F,Ly Tuc
name_0FB747,Ly Mong
name_0FB765,Ly Phong
name_0FB76D,Ly Nghiem
name_0FB775,Ly Thoat
name_0FB77D,Ly Phuc
name_0FB785,Ly Pho
name_0FB790,Ly Thang
name_0FB797,Ly Ham
name_0FB79F,Ly Bang
name_0FB7A7,Do Tap
name_0FB7AF,Do Du
name_0FB7C7,Ma Kha
name_0FB7CF,Tham Ung
name_0FB7D5,Xa Cau
name_0FB7EF,Tan Ty
name_0FB7F7,Tan Thuong
name_0FB7FF,[loi extract]
name_0FB807,[loi extract]
name_0FB815,Doc Loc dai vuong
name_0FB821,Dien Vi
name_0FB829,Dien Man
name_0FB831,[loi extract]
name_0FB83C,Ti Vien
name_0FB843,Hoa Hiep
name_0FB84B,Chu Tan
name_0FB853,Chu Thuong
name_0FB85B,Chu Thai
name_0FB87B,Chu Quan
name_0FB881,Chu Binh
name_0FB889,[loi extract]
name_0FB89B,Man Dam
name_0FB8A3,Man Dat
name_0FB8C1,Thuong Cuu
name_0FB8C9,Vo An Quoc
name_0FB8E1,Tu Hoac
name_0FB8EC,Kim Tuyen
name_0FB8F3,Kim Hoan tam ket
name_0FB8FD,[loi extract]
name_0FB905,[loi extract]
name_0FB915,[loi extract]
name_0FB91D,[loi extract]
name_0FB925,[loi extract]
name_0FB92B,Tong Du
name_0FB931,Cuong Vuong Mi
name_0FB94B,Phong Tien
name_0FB953,Hau Lam
name_0FB971,Khuong Duy
name_0FB979,Lieu Phu
name_0FB983,[loi extract]
name_0FB993,Ky Linh
name_0FB99C,Ho Tai
name_0FB9A3,Ho Xich Nhi
name_0FB9AB,Xa Nhi
name_0FB9C1,Ho Ton
name_0FB9C9,Ho Liet
name_0FB9D1,Ho Uyen
name_0FB9DB,Ho Phan
name_0FB9E1,Pham Cuong
name_0FB9F3,[loi extract]
name_0FB9FD,[loi extract]
name_0FBA05,[loi extract]
name_0FBA0D,[loi extract]
name_0FBA21,Vi Hoang
name_0FBA29,Luon Truc
name_0FBA43,Ha Van
name_0FBA4C,Ha Tuan
name_0FBA53,Ha Hau Huyen
name_0FBA5B,Hau Ton
name_0FBA6B,Ha Hau Thuong
name_0FBA73,Ha Hau Uy
name_0FBA7B,Ha Hau An
name_0FBA83,Ha Hau Don
name_0FBA8B,Ha Hau Vien
name_0FBA93,Hau Hue
name_0FBA9B,Hau Duc
name_0FBAA3,Hau Lan
name_0FBAAB,Ha Hau Ba
name_0FBAB3,Ha Hau Mao
name_0FBAC1,Ton Trung
name_0FBAD1,Ton Khoang
name_0FBAD9,Ton Tu
name_0FBAF3,Ton Lang
name_0FBAFC,Ton Hoan
name_0FBB03,Ton Can
name_0FBB1B,Ton Hao
name_0FBB23,Ton Sach
name_0FBB2B,Ton Nhu
name_0FBB33,Ton Thieu
name_0FBB3B,Ton Ky
name_0FBB5B,Ton Quan
name_0FBB63,Ton At
name_0FBB71,Ton Kieu
name_0FBB81,Ton Lam
name_0FBB89,Ton Ham
name_0FBBA3,Tu Thuong
name_0FBBAC,Tu Thuc
name_0FBBB3,Tu Thinh
name_0FBBCB,Yen Minh
name_0FBBD3,Hoan Khai
name_0FBBDB,Hoan Pham
name_0FBBE3,To Mao
name_0FBBEB,To Tat
name_0FBBF3,[loi extract]
name_0FBC03,[loi extract]
name_0FBC0B,Tan Mat
name_0FBC13,Tan Minh
name_0FBC1B,[loi extract]
name_0FBC21,Cam Ky
name_0FBC31,Tuan Sang
name_0FBC39,Tuan Than
name_0FBC53,Tuan Chinh
name_0FBC5C,Tuan Nghiem
name_0FBC63,Vien Thuong
name_0FBC7B,Vien Thuat
name_0FBC83,Vien Hy
name_0FBC8B,Vien Dam
name_0FBC93,Vien Di
name_0FBC9B,Hac Chieu
name_0FBCB3,[loi extract]
name_0FBCBB,Ma Dai
name_0FBCC3,Ma Diem
name_0FBCD1,Ma Hoan
name_0FBCE1,Ma Han
name_0FBCE9,Ma Ton
name_0FBD03,Ma Tuc
name_0FBD0C,Ma Nguyen Nghia
name_0FBD13,Ma Dieu
name_0FBD1B,[loi extract]
name_0FBD2B,Cao Dinh
name_0FBD33,Cao Thuan
name_0FBD3B,Cao Can
name_0FBD43,Cao Lam
name_0FBD4B,Cao Thang
name_0FBD5B,[loi extract]
name_0FBD63,[loi extract]
name_0FBD6B,O Hoan Xuc
name_0FBD73,Su Toan
name_0FBD81,Thoi Nghiem
name_0FBD91,Thoi Luong
name_0FBD99,Truong Giac
name_0FBDB3,Truong Nhuong
name_0FBDBC,Truong Vu
name_0FBDC3,Truong Doan
name_0FBDDB,Truong Tien
name_0FBDE3,Truong Thua
name_0FBDEB,Truong Tong
name_0FBDF3,Truong Ho
name_0FBDFB,Truong Nam
name_0FBE1B,Truong Hach
name_0FBE23,Truong Phi
name_0FBE31,Truong Duong
name_0FBE41,Truong Dat
name_0FBE49,Truong Ve
name_0FBE63,Truong Hoanh
name_0FBE6C,Truong Yen
name_0FBE73,Truong Lieu
name_0FBE8B,Truong Tu
name_0FBE93,Truong Mac
name_0FBE9B,Truong Hoanh
name_0FBEA3,Truong Nghi
name_0FBEAB,Truong Khai
name_0FBECB,Truong Tuc
name_0FBED3,Truong Thieu
name_0FBEE1,Truong Cau
name_0FBEF1,Truong Uoc
name_0FBEF9,Truong Tap
name_0FBF13,Truong Tiet
name_0FBF1C,Truong Hoa
name_0FBF23,Truong De
name_0FBF3B,Tao Huu
name_0FBF43,Tao Vu
name_0FBF4B,Tao An Dan
name_0FBF53,Tao Tinh
name_0FBF5B,Tao Ngoang
name_0FBF7B,Tao Hong
name_0FBF83,Tao Chan
name_0FBF91,Tao Ton
name_0FBFA1,Tao Suong
name_0FBFA9,Tao Thuc
name_0FBFC3,Tao Mao
name_0FBFCC,Tao Thao
name_0FBFD3,Tao Hi
name_0FBFEB,Tao Ton
name_0FBFF3,Luong Cuong
name_0FBFFB,Luong Khoan
name_0FC570,Luu Bi
name_0FC4B8,Trieu Van
name_0FC718,G.C.Luong
name_0FC9A8,Quan Vu
panel_0FD4AE,Ra lenh cho
panel_0FDA0A,Ra lenh cho
panel_0FD086,Quan chu
panel_0FD426,Quan chu
panel_0FD9FC,Uy nhiem
panel_0FAF6C,Quan su
panel_0FAF74,Noi chinh
panel_0FAF7C,Ngoai giao
panel_0FAFB4,Thai thu
panel_0FAFAC,Quan su
panel_0FAEA8,Thue suat
ui_042E18,Choi moi
ui_042E60,Doc save
ui_042EA8,Tao nhan vat
