key,text,encoded_hex,cell_count,missing
bio_102073,Nhung cuoi cung khong phai doi thu cua Vien Thieu nen thua tran va chet,A6A3A48DA48AA5A1A6BFA4BFA79FA488A85FA794A669A7A1A7D7A84EA457,15,
bio_1020E9,[loi extract],5BA5D9A4D85D,2,
bio_1020F1,Nhung vi Luu Bi roi di va loan su o bien gioi Tay Luong,A6A3A85BA5E9A3DEA6F0A4AFA84EA5D6A756A6B6A3E2A4F2A76FA5E7,14,
bio_1021ED,Dong Trac,A4C2A7D1,2,
bio_1021F8,Nhung sau do bi su thong minh va muu luoc cua ong lam say me,A6A3A744A4BBA3DFA756A79DA64AA84EA65DA5E5A488A6BBA5B8A746A643,15,
bio_102259,Khi giao chien voi Quan Vu thi thua tran dau hang,A590A4EDA45EA866A6DCA86BA78FA7A1A7D7A4A6A546,11,
bio_1022AC,Vuong Lang,A870A5BB,2,
bio_1022B1,Sau duoc Tao Thao trong dung roi chuyen sang phuc vu ong,A743A4D0A768A783A7EAA4CEA6F0A47EA6FDA6D4A86CA6BB,12,
bio_1022F9,Kien quyet khuyen Ma Ung phai dong quan o vi tri chan duong,A5A8A6E8A5A5A5EFA844A6BFA4C3A6DDA6B6A85BA7E0A44DA4D3,13,
bio_10238D,Cuoi cung khien Lu Bo giet Dong Trac,A48CA48AA595A5DDA3EAA4F0A4C2A7D1,8,
bio_1023E1,Tung dua ra loi khuyen dung dan cho Quan Vu,A7FCA4C8A6EBA5D9A5A5A4CEA49CA467A6DCA86B,10,
bio_102457,[loi extract],5BA5D9A4D85D,2,
bio_10245D,Khi Tao Thao nam xuong thi dau hang phuc vu ong,A590A768A783A660A88DA78FA4A6A546A6D4A86CA6BB,11,
bio_1024A9,Cung Nhan Luong la mot trong nhung tuong hung manh tieng tam,A489A692A5E7A5B2A654A7EAA6A4A7FEA573A5F9A7B7A763,12,
bio_1024F5,[loi extract],5BA5D9A4D85D,2,
bio_1024FD,Tao Thao trung ke giet Thai Muu va Truong Van,A768A783A7F0A582A4F0A778A65CA84EA7F2A850,10,
bio_10255E,[loi extract],5BA5D9A4D85D,2,
bio_102565,Sau bi Vien Dam tan cong roi dau hang Tao Thao,A743A3DFA85FA499A765A484A6F0A4A6A546A768A783,11,
bio_1025D9,Cung Tao Hong va Tao Nhan giu quan Ngo,A489A768A569A84EA768A692A4F4A6DDA67A,9,
bio_10262B,[loi extract],5BA5D9A4D85D,2,
bio_102633,Cuoi cung ket thuc thoi loan lac Tam Quoc,A48CA48AA584A7A6A79BA5D6A5B4A762A6E1,9,
bio_102693,Tu Ma Chieu,A7F5A5EFA45F,3,
bio_10269B,Ke thua quyen luc tuong quan,A581A7A1A6E6A5E2A7FEA6DD,6,
bio_102711,Tu Ma Su,A7F5A5EFA755,3,
bio_10271B,Nam quyen thuc te cua nha Nguoi,A65FA6E6A7A6A772A488A68EA687,7,
bio_10276F,Dien Phong,A4B3A6CF,2,
bio_102775,Lai manh me chu truong khang chien lau dai voi Tao Thao,A5B5A5F9A643A471A7F3A58DA45EA5C1A498A866A768A783,12,
bio_1027E9,Khi biet Thai Muu dinh am sat Luu Bi,A590A3E4A778A65CA4B9A3C6A742A5E9A3DE,9,
bio_102889,Theo lenh Gia Cat Luong pho tro Quan Vu tri Kinh Chau,A78DA5C7A4E5A443A5E7A6CEA7E6A6DCA86BA7E0A5ADA451,12,
bio_1028BD,Gia Cat Luong trong Bieu chinh tac ca nang tai cua Huong Sung,A4E5A443A5E7A7EAA3E5A464A75FA3F4A662A761A488A574A75A,13,
bio_102909,Ton Quyen rat danh gia cam dan va muu luoc cua ong,A7CAA6E5A6EDA4A0A4E6A3FBA49CA84EA65DA5E5A488A6BB,12,
bio_102971,[loi extract],5BA5D9A4D85D,2,
bio_102979,Mot trong nhung than cung co cong diet Tac Khuong,A653A7EAA6A4A77DA48AA481A484A4B5A75EA5A4,10,
bio_1029C9,Tung dich thu voi Luc Kang con cua Luc Ton o Tuong Duong,A7FCA4B1A79FA866A5E1A580A482A488A5E1A7CAA6B6A7FDA4D2,13,
bio_102A55,Khong may thua tran va bi giet,A5A0A642A7A1A7D7A84EA3DFA4F0,7,
bio_102AAD,Tung danh bai Tao Tu khi Tao Phi chinh Ngo,A7FCA4A0A3D1A768A7F5A591A768A6CAA464A67A,10,
bio_102B01,Khi Tao Thao khoi binh danh Dong Trac thi gia nhap phe ong,A590A768A783A59FA3E9A4A0A4C2A7D1A78FA4E6A695A6C9A6BB,13,
bio_102B5D,Ly Nhu,A5ECA69F,2,
bio_102B65,Khi Dong Trac bi giet thi cung bi xu tu,A590A4C2A7D1A3DFA4F0A78FA48AA3DFA885A7F6,10,
bio_102BDF,[loi extract],5BA5D9A4D85D,2,
bio_102BE5,O Mien Truc giao chien voi Hoang Trung ngang tam,A6B5A646A7EDA4EDA45EA866A560A7EFA66FA763,10,
bio_102C51,[loi extract],5BA5D9A4D85D,2,
bio_102C59,Sau trung ke Duong Bieu va Quach Phien chia re,A743A7F0A582A4D2A3E5A84EA6DBA6CBA45AA6EE,10,
bio_102CC9,Duoc Ha Hau Don gioi thieu nen Tao Thao trong dung,A4CFA4FBA54AA4C0A4F2A795A669A768A783A7EAA4CE,11,
bio_102D65,[loi extract],5BA5D9A4D85D,2,
bio_102D70,Sau khi Quan Vu bi bat va chet,A743A591A6DCA86BA3DFA3D9A84EA457,8,
bio_102DCD,[loi extract],5BA5D9A4D85D,2,
bio_102DD5,Van xong pha cuu Ton Quyen va Tu Thanh bi vay,A850A883A6BDA493A7CAA6E5A84EA7F5A781A3DFA857,11,
bio_102E41,[loi extract],5BA5D9A4D85D,2,
bio_102E49,Luc Quan Vu nguy cap lai xui Luu Phong khong cuu,A5E1A6DCA86BA689A442A5B6A88AA5E9A6CFA5A1A493,11,
bio_102EE5,[loi extract],5BA5D9A4D85D,2,
bio_102EED,The Gia Cat Luong quyet dinh nam chinh binh dinh,A789A4E5A443A5E7A6E8A4B9A660A464A3E9A4B9,10,
bio_102F65,Cung Manh Dat muu don Luu Bi vao Thuc,A489A5F8A4A3A65DA4C1A5E9A3DEA854A7A5,9,
bio_102FCB,[loi extract],5BA5D9A4D85D,2,
bio_102FD1,Cuoi cung bi Truong Phi chem chet,A48CA48AA3DFA7F2A6CAA456A457,7,
bio_103051,Vi cha bi Cam Ninh ban chet nen thu han sau sac,A85AA449A3DFA3FAA6A9A3D3A457A669A79FA544A744A6F6,12,
bio_1030F0,Nhung vi cung chu bac phan doi Tao Thao xung Vuong,A6A3A85BA48AA471A3CFA6C3A4BFA768A783A88BA870,11,
bio_10315D,Nen am muu don Luu Bi vao Thuc,A668A3C6A65DA4C1A5E9A3DEA854A7A5,8,
bio_103219,Vi the truoc khi chet Ton Sach co di chuc,A85AA78AA7F1A591A457A7CAA6F7A481A4AFA476,10,
bio_103295,[loi extract],5BA5D9A4D85D,2,
bio_10329D,Trong tran Quan Do phan sang phe Tao Thao,A7E9A7D7A6DCA4BAA6C3A6FDA6C9A768A783,9,
bio_103321,[loi extract],5BA5D9A4D85D,2,
bio_103329,Khi Gia Cat Luong bac phat nha Nguoi,A590A4E5A443A5E7A3CFA6C7A68EA687,8,
bio_103389,Nhung cuoi cung tin loi Duong Tong ban nuoc cau vinh,A6A3A48DA48AA7C0A5D9A4D2A7CCA3D3A6B3A445A863,11,
bio_1033F9,[loi extract],5BA5D9A4D85D,2,
bio_103401,Nhung sau cam phuc Tao Thao nen quy thuan,A6A3A744A3FBA6D4A768A783A669A6E4A7A3,9,
bio_103469,Nho khau tai ba cuon khien Tao Thao bo y dinh do,A69EA58EA761A3CDA48EA595A768A783A3EBA88FA4B9A4BB,12,
bio_1034E5,Sau kien tri giu Lac Thanh chong Luu Bi,A743A5A9A7E0A4F4A5B3A781A46EA5E9A3DE,9,
bio_103551,Ong than danh quan Vien Thieu tai truong,A6BAA77DA4A0A6DDA85FA794A761A7F3,8,
bio_1035FF,[loi extract],5BA5D9A4D85D,2,
bio_103605,Tu khi Tao Thao khoi binh da theo ong,A7F5A591A768A783A59FA3E9A495A78EA6BB,9,
bio_103699,Xu tu tat ca Tao Sang va nhung nguoi lien quan,A884A7F6A76DA3F4A768A6FCA84EA6A4A688A5CCA6DD,11,
bio_1036E1,Bat buoc ong lam tho trong bay buoc,A3D8A3F0A6BBA5B8A798A7EAA3DAA3F0,8,
bio_103770,Tu Vien,A7F5A85F,2,
bio_103775,Trong tran Quan Do dau hang Tao Thao,A7E9A7D7A6DCA4BAA4A6A546A768A783,8,
bio_1037E1,[loi extract],5BA5D9A4D85D,2,
bio_1037E9,Sau khi Dong Trac chet lien quan Ly Tac danh Truong An,A743A591A4C2A7D1A457A5CCA6DDA5ECA75EA4A0A7F2A3C7,12,
bio_103835,La mot trong nhung mu si noi tieng cua Tao Thao,A5B1A654A7EAA6A4A655A74AA6ACA7B7A488A768A783,11,
bio_1038B5,Cung khien quan Vien Thieu thua o Quan Do va diet vong,A489A595A6DDA85FA794A7A1A6B6A6DCA4BAA84EA4B5A86A,12,
bio_10394D,[loi extract],5BA5D9A4D85D,2,
bio_103955,Cam thay ong gian xao lanh lung nen roi bo,A3FAA788A6BBA4EAA876A5BEA5E4A669A6F0A3EB,10,
bio_1039F1,[loi extract],5BA5D9A4D85D,2,
bio_103A65,Va nhuong Xu Chau cho Luu Bi quan ly,A84DA6A6A884A451A467A5E9A3DEA6DDA5ED,9,
bio_103AA5,[loi extract],5BA5D9A4D85D,2,
bio_103AAD,Ban dau khong phuc Chu Du con tre,A3D2A4A6A5A1A6D4A470A4C6A482A7DB,8,
bio_103B21,[loi extract],5BA5D9A4D85D,2,
bio_103B29,Thuong lam su gia den Dong Ngo,A7ABA5B8A756A4E6A4ACA4C2A67A,7,
bio_103B69,Cuoi cung bi Tao Thao ghen tuong ma chem dau,A48CA48AA3DFA768A783A4E1A7FEA5F0A456A4A6,10,
bio_103BEB,[loi extract],5BA5D9A4D85D,2,
bio_103BF1,Rat hieu ro cach danh tran cua Tao Thao,A6ECA555A6EFA3F8A4A0A7D7A488A768A783,9,
bio_103C95,Luc Quan Vu bi vay Mai Thanh den Thuong Dung cau vien bi tu choi,A5E1A6DCA86BA3DFA857A5F2A781A4ACA7ABA4CDA445A860A3DFA7F6A46A,15,
bio_103CF9,Khi Luu Bi cung duong tan cung thi cuu giup ong,A590A5E9A3DEA48AA4D3A765A48AA78FA493A4F6A6BB,11,
bio_103D65,Luc dau Luu Bi dinh nhan nuoi ong,A5E1A4A6A5E9A3DEA4B9A693A6B4A6BB,8,
bio_103DDD,[loi extract],5BA5D9A4D85D,2,
bio_103DE5,Nho thi hanh chinh nhan ai,A69EA78FA547A464A693A3C4,6,
bio_103E20,Luu Chuong,A5E9A47A,2,
bio_103E25,Cuoi cung vi dan chung ma mo thanh dau hang,A48CA48AA85BA49CA478A5F0A64CA782A4A6A546,10,
bio_103EA1,[loi extract],5BA5D9A4D85D,2,
bio_103EAC,Cung Thai Muu nam quyen thuc te Kinh Chau,A489A778A65CA660A6E6A7A6A772A5ADA451,9,
bio_103F19,[loi extract],5BA5D9A4D85D,2,
bio_103F21,Khong chiu dau hang quy huong bac tu an tu,A5A0A465A4A6A546A6E4A575A3CFA7F6A3C8A7F6,10,
bio_103F9F,[loi extract],5BA5D9A4D85D,2,
bio_103FA5,Khi giao chien voi Luu Bi lap nhieu cong lon,A590A4EDA45EA866A5E9A3DEA5C0A69CA484A5DA,10,
bio_103FDF,[loi extract],5BA5D9A4D85D,2,
bio_103FE5,Nen truoc khi chet K.M.Luong di chuc Tuong Hoan lam thua tuong,A668A7F1A591A457A57E2EA5EE2EA5E7A4AFA476A7FDA55EA5B8A7A1A7FE,14,
bio_10404B,[loi extract],5BA5D9A4D85D,2,
bio_104051,Khien Tao Thao giet Thai Muu va thuy doc,A594A768A783A4F0A778A65CA84EA7AEA4BE,9,
bio_1040DC,Thai Muu,A778A65C,2,
bio_104181,Gia Cat Can,A4E5A443A3FC,3,
bio_10418C,Tung nhieu lan lam su gia den Thuc Han,A7FCA69CA5BAA5B8A756A4E6A4ACA7A5A543,9,
bio_10426D,[loi extract],5BA5D9A4D85D,2,
bio_104275,Sau khi Luu Bi chet duoc Gia Cat Luong trong dung,A743A591A5E9A3DEA457A4D0A4E5A443A5E7A7EAA4CE,11,
bio_1042DD,Thuong cap cho Luu Bi nhieu tien bac,A7ABA442A467A5E9A3DEA69CA7B6A3CF,8,
bio_104329,La nguyen lao ba doi cua Dong Ngo,A5B1A68BA5BFA3CDA4BFA488A4C2A67A,8,
bio_104371,Tung cung Ma Dang tan cong Ly Tac o Truong An,A7FCA48AA5EFA49DA765A484A5ECA75EA6B6A7F2A3C7,11,
bio_104405,[loi extract],5BA5D9A4D85D,2,
bio_10440D,Nhung sau bi Quan Vu mot dao giet tren ngua,A6A3A744A3DFA6DCA86BA654A4A2A4F0A7DDA684,10,
bio_104489,Vi bao thu cha ma giao chien voi Dong Ngo,A85AA3D7A79FA449A5F0A4EDA45EA866A4C2A67A,10,
bio_1049A1,[loi extract],5BA5D9A4D85D,2,
bio_1049AB,Khong xam pham lan nhau,A5A0A875A6C1A5BAA698,5,
bio_1049DA,[loi extract],5BA5D9A4D85D,2,
bio_1049EA,[loi extract],5BA5D9A4D85D,2,
bio_1049FA,[loi extract],5BA5D9A4D85D,2,
bio_104A0A,[loi extract],5BA5D9A4D85D,2,
bio_104A18,Lien minh dong minh,A5CBA64AA4C3A64A,4,
bio_104A1D,[loi extract],5BA5D9A4D85D,2,
bio_104B4F,Gioi thieu nhan vat,A4F1A795A693A856,4,
bio_104B61,[loi extract],5BA5D9A4D85D,2,
bio_104BD5,Hay chon quan huyen muc tieu do tham,A54CA46CA6DDA57BA658A7BDA4BBA77B,8,
bio_104C1B,[loi extract],5BA5D9A4D85D,2,
bio_104C82,Hay chon tuong phu trach tim kiem nhan tai,A54CA46CA7FEA6D2A7D3A7BEA5A7A693A761,9,
bio_104CAC,Chuyen trang,A47DA7D9,2,
bio_104D40,Quan ta thieu luong thao,A6DCA75DA795A5E8A784,5,
bio_104D71,Du suc chien lau dai voi dich tren nui rung,A4C6A759A45EA5C1A498A866A4B1A7DDA6B1A6F3,10,
bio_104DA9,Chi huy van quan tat co sai sot,A458A579A851A6DDA76DA481A6FAA754,8,
bio_104DF0,Quan doi khong luyen tap,A6DCA4BFA5A1A5EBA76B,5,
bio_104E1B,Thanh nay sap giet ngua de an,A781A666A741A4F0A684A4AAA3C8,7,
bio_104E8F,Ban chat khong phai viec than nen ban,A3D2A450A5A1A6BFA85DA77DA669A3D3,8,
bio_104EF7,Neu minh cong cu mot tuong lam thai thu,A66AA64AA484A487A654A7FEA5B8A779A79F,9,
bio_104F47,Sai lam la goc re lam nuoc lung lay,A6F9A5B8A5B2A4F7A6EEA5B8A6B3A5E4A5C2,9,
bio_104F64,Nguoi nay chac khong phu mong doi cua chu cong,A687A666A44BA5A1A6D2A652A4BFA488A471A484,10,
bio_104F7B,Neu dung nguoi nay nuoc chac loan,A66AA4CEA688A666A6B3A44BA5D6,7,
bio_104F9B,Chac tuong si tan tam phuc vu,A44AA7FEA74AA765A763A6D4A86C,7,
bio_104FD7,Tien co han tap quan vo dung,A7B5A481A544A76BA6DDA865A4CE,7,
city_0FCDA0,Huong Binh,A574A3E8,2,
city_0FCDA8,Bac Binh,A3CEA3E8,2,
city_0FCDB8,Tan Duong,A764A4D2,2,
city_0FCDC0,Nam Pi,A65FA6D8,2,
city_0FCDC8,Binh Nguyen,A3E8A68A,2,
city_0FCDD8,Bac Hai,A3CEA540,2,
city_0FCDE0,Phuc Duong,A6D3A4D2,2,
city_0FCDE8,Tran Luu,A7D6A5E9,2,
city_0FCDF0,Lac Duong,A5B3A4D2,2,
city_0FCDF8,Hong Nong,A569A6AD,2,
city_0FCE00,Truong An,A7F2A3C7,2,
city_0FCE08,An Dinh,A3C7A4B8,2,
city_0FCE10,Thien Thuy,A790A7AD,2,
city_0FCE18,Tay Luong,A76FA5E7,2,
city_0FCE20,Ha Bi,A4FBA3DE,2,
city_0FCE28,Tu Chau,A7F5A451,2,
city_0FCE38,Nhu Nam,A69FA65F,2,
city_0FCE48,Tan Da,A764A494,2,
city_0FCE50,Tuong Duong,A7FDA4D2,2,
city_0FCE58,Thuong Ung,A7ABA844,2,
city_0FCE60,Giang Ha,A4EBA4FB,2,
city_0FCE68,Giang Lang,A4EBA5BB,2,
city_0FCE70,Vo Lang,A864A5BB,2,
city_0FCE78,Truong Sa,A7F2A6F5,2,
city_0FCE80,Quy Duong,A6E3A4D2,2,
city_0FCE88,Linh Lang,A5D0A5BB,2,
city_0FCE90,Tho Xuan,A797A886,2,
city_0FCE98,Kien Nghiep,A5A8A678,2,
city_0FCEA8,Hoi Ke,A563A581,2,
city_0FCEB0,Lu Giang,A5DDA4EB,2,
city_0FCEB8,Sai Sang,A6F9A6FC,2,
city_0FCEC0,Han Trung,A543A7EF,2,
city_0FCEC8,Ha Ben,A4FBA3DB,2,
city_0FCED0,Tu Dong,A7F5A4C2,2,
city_0FCED8,Thanh Do,A781A4BA,2,
city_0FCEE0,Vinh An,A862A3C7,2,
city_0FCEE8,Giang Chau,A4EBA451,2,
city_0FCEF0,Kien Ninh,A5A8A6A9,2,
city_0FCEF8,Van Nam,A850A65F,2,
city_0FCF00,Nam Hai,A65FA540,2,
city_0FCF08,Di Chau,A4AEA451,2,
city_0FCF28,Dong Phong,A4C2A6CF,2,
city_map_110DB8,Huong Binh,A574A3E8,2,
city_map_110E40,Bac Binh,A3CEA3E8,2,
city_map_110F50,Tan Duong,A764A4D2,2,
city_map_110FD8,Nam Pi,A65FA6D8,2,
city_map_111060,Binh Nguyen,A3E8A68A,2,
city_map_111170,Bac Hai,A3CEA540,2,
city_map_1111F8,Phuc Duong,A6D3A4D2,2,
city_map_111280,Tran Luu,A7D6A5E9,2,
city_map_111308,Lac Duong,A5B3A4D2,2,
city_map_111390,Hong Nong,A569A6AD,2,
city_map_111418,Truong An,A7F2A3C7,2,
city_map_1114A0,An Dinh,A3C7A4B8,2,
city_map_111528,Thien Thuy,A790A7AD,2,
city_map_1115B0,Tay Luong,A76FA5E7,2,
city_map_111638,Ha Bi,A4FBA3DE,2,
city_map_1116C0,Tu Chau,A7F5A451,2,
city_map_111748,Hu Xuong,A56CA88C,2,
city_map_111858,Nhu Nam,A69FA65F,2,
city_map_111968,Tan Da,A764A494,2,
city_map_1119F0,Tuong Duong,A7FDA4D2,2,
city_map_111A78,Thuong Ung,A7ABA844,2,
city_map_111B00,Giang Ha,A4EBA4FB,2,
city_map_111B88,Giang Lang,A4EBA5BB,2,
city_map_111C10,Vo Lang,A864A5BB,2,
city_map_111C98,Truong Sa,A7F2A6F5,2,
city_map_111D20,Quy Duong,A6E3A4D2,2,
city_map_111DA8,Linh Lang,A5D0A5BB,2,
city_map_111E30,Tho Xuan,A797A886,2,
city_map_111EB8,Kien Nghiep,A5A8A678,2,
city_map_111FC8,Hoi Ke,A563A581,2,
city_map_112050,Lu Giang,A5DDA4EB,2,
city_map_1120D8,Sai Sang,A6F9A6FC,2,
city_map_112160,Han Trung,A543A7EF,2,
city_map_1121E8,Ha Ben,A4FBA3DB,2,
city_map_112270,Tu Dong,A7F5A4C2,2,
city_map_1122F8,Thanh Do,A781A4BA,2,
city_map_112380,Vinh An,A862A3C7,2,
city_map_112408,Giang Chau,A4EBA451,2,
city_map_112490,Kien Ninh,A5A8A6A9,2,
city_map_112518,Van Nam,A850A65F,2,
city_map_1125A0,Nam Hai,A65FA540,2,
city_map_112628,Di Chau,A4AEA451,2,
dialogue_105000,Hay mau chiem dan binh,A54CA640A45CA49CA3E9,5,
dialogue_105023,Them tru thue nang va cac khoan dong gop,A78BA7ECA7A8A662A84EA3F6A59BA4C3A4F9,9,
dialogue_105073,Quan ta se nhan vien tro lien tuc,A6DCA75DA748A693A860A7E6A5CCA7F9,8,
dialogue_1050A5,La nguyen nhan song chet cua tam quan,A5B1A68BA693A753A457A488A763A6DD,8,
dialogue_1050E3,La chia khoa chien thang,A5B1A45AA598A45EA780,5,
dialogue_105101,Dam lam nhu vay,A499A5B8A6A0A857,4,
dialogue_105125,UNK,A846,1,
dialogue_1051C8,Hay chon tuong dan quan xuat chinh,A54CA46CA7FEA49CA6DDA888A464,7,
dialogue_10528B,So luong lua mang theo,A74CA5E8A5DFA5F7A78E,5,
dialogue_1052CC,Hay chon doi van chuyen luong thao,A54CA46CA4BFA851A47EA5E8A784,7,
dialogue_1052E8,Hay chi dinh tuong huan luyen quan,A54CA459A4B9A7FEA570A5EBA6DD,7,
dialogue_105300,Hay chi dinh tuong van bu vat tu,A54CA459A4B9A7FEA851A3EFA856A7F6,8,
dialogue_10531F,Toi da nhieu tuong,A7C8A495A69CA7FE,4,
dialogue_105368,Hay chon vu khi muon che tao,A54CA46CA86CA591A65BA455A769,7,
dialogue_10537F,Tuong chiem binh,A7FDA45CA3E9,3,
dialogue_105393,Tuong thuc hien muu binh,A7FDA7A6A553A65DA3E9,5,
dialogue_1053B0,Hay chon tuong thuc hien the binh,A54CA46CA7FEA7A6A553A78AA3E9,7,
dialogue_1053CB,Chon tuong phan bo lai binh si,A46BA7FEA6C3A3EBA5B6A3E9A74A,7,
dialogue_105418,Khong hieu ly tri tri quoc,A5A0A555A5EDA7E0A7E0A6E2,6,
dialogue_105493,Sao co binh thua cho don dien,A6FEA481A3E9A7A1A467A4C1A4B4,7,
dialogue_1054B7,Sau vai nam duoc tram van ho lua,A743A84FA660A4D0A7D5A851A558A5DF,8,
dialogue_1054EB,Hoa vat kho van xa,A559A856A597A851A873,5,
dialogue_105519,Chac chan du tru quan nhu,A44AA44DA4C7A7ECA6DDA6A0,6,
dialogue_10554E,Khong thong chinh su,A5A0A79DA464A756,4,
dialogue_105567,Co the tich tru quan luong lon,A480A78AA7B4A7ECA6DDA5E8A5DA,7,
dialogue_105593,Dung tien thua sua thanh kho giu,A4CDA7B6A7A1A757A782A597A4F4,7,
dialogue_1055BF,Ke dich kho long chiem,A581A4B1A597A5DCA45C,5,
dialogue_1055F5,Phat tan quan luong cuu dan luu lac,A6C6A765A6DDA5E8A493A49CA5EAA5B4,8,
dialogue_10561B,Dan la goc quoc gia,A49BA5B2A4F7A6E2A4E6,5,
dialogue_105634,Nay minh cong vi mot no gian hai dan chung,A665A64AA484A85BA654A6AAA4EAA541A49CA478,10,
dialogue_1056CB,Khoc kho dinh tue va thue cho dan,A59DA597A4B9A7FAA84EA7A8A467A49C,8,
dialogue_10574B,Luc nay mot ho lua den hang chuc van,A5E1A666A654A558A5DFA4ACA546A476A851,9,
dialogue_105789,UNK,A846,1,
dialogue_10579C,Tich luong chuan bi chien la thuong sach,A7B3A5E8A474A3DFA45EA5B2A7ACA6F8,8,
dialogue_1057B1,Ban lua de chuan bi quan tu,A3D2A5DFA4AAA474A3DFA6DDA7F6,7,
dialogue_1057C9,Chi dung vu khi phong thuong,A458A4CEA86CA591A6D0A7AC,6,
dialogue_1057E1,Kiem tang anh hung,A5A6A767A3CAA573,4,
dialogue_1057FE,Luc nay mua nu la khong sang,A5E1A666A657A6AFA5B2A5A1A6FD,7,
dialogue_105813,Muon ban xa phai cam nu luyen tap,A65AA3D3A873A6BFA3FBA6AFA5EBA76B,8,
dialogue_105848,Va muon lam lan nhu,A84DA65BA5B8A5BAA6A0,5,
dialogue_10586D,Day la ngua Dai Uyen tot cua Tay Vuc,A4A7A5B2A684A497A84CA7CEA488A76FA86D,9,
dialogue_105899,Hay chi dinh tuong khai phat dat,A54CA459A4B9A7FEA589A6C7A4A4,7,
dialogue_1058CD,Tuong phat trien,A7FDA6C7A7E1,3,
dialogue_1058E5,Hay chon tuong tri thuy chong hong,A54CA46CA7FEA7E0A7AEA46EA56A,7,
dialogue_105904,Hay chi dinh tuong day cung tuong,A54CA459A4B9A7FEA4A8A48AA7FE,7,
dialogue_10593D,Hay chi dinh tuong thieu sat cuop pha,A54CA459A4B9A7FEA795A742A491A6BD,8,
dialogue_105987,Dieu chinh thue suat moi la,A4B6A464A7A8A758A64FA5B2,6,
dialogue_10599D,Hay chon hang hoa muon giao dich,A54CA46CA546A55AA65BA4EDA4B1,7,
dialogue_1059B8,Hay phai tuong mua lua,A54CA6BFA7FEA657A5DF,5,
dialogue_1059DD,Hay chi dinh tuong mua vu khi tuong,A54CA459A4B9A7FEA657A86CA591A7FE,8,
dialogue_1059F9,Hay chi dinh tuong mua nu tien,A54CA459A4B9A7FEA657A6AFA7B6,7,
dialogue_105A11,Hay chi dinh tuong mua ngua,A54CA459A4B9A7FEA657A684,6,
dialogue_105A2C,Loai ke xa lan kho thanh cong,A5D4A582A873A5BAA597A782A484,7,
dialogue_105A5F,Thanh su thi khong co tuong manh tro giup,A781A756A78FA5A1A481A7FEA5F9A7E6A4F6,9,
dialogue_105ABF,Chu ta dac mang thu mat den,A470A75DA496A5F7A79FA5FDA4AC,7,
dialogue_105ADC,Dam do lo do thi tran ta,A499A4BBA5D3A4BBA78FA7D7A75D,7,
dialogue_105AFD,UNK,A846,1,
dialogue_105B13,Ke gian muon chia re hai ta,A581A4EAA65BA45AA6EEA541A75D,7,
dialogue_105B2D,Ta quyet khong lam viec bat nghia nay,A75CA6E8A5A1A5B8A85DA3D9A676A666,8,
dialogue_105B8C,Chu cong dung mot thu khich dong ho,A470A484A4CEA654A79FA592A4C3A558,8,
dialogue_105BE2,Quan than dong long,A6DCA77DA4C3A5DC,4,
dialogue_105C17,Ngai co quan chung ngan dam,A66CA481A6DDA478A66EA49A,6,
dialogue_105C53,Ai theo ta o day,A3C3A78EA75DA6B6A4A8,5,
dialogue_105C87,Sao lam viec phan chu,A6FEA5B8A85DA6C3A471,5,
dialogue_105CA9,Tieu ky nay chac bi phat hien,A7BCA5B0A666A44BA3DFA6C7A553,7,
dialogue_105CDD,Ke nay se khien ke tu giet nhau,A581A666A748A595A582A7F6A4F0A698,8,
dialogue_105D0F,Neu thay cho yeu tren thu,A66AA788A467A892A7DDA79F,6,
dialogue_105DC5,Rat hay,A6ECA54D,2,
dialogue_105DD3,Sao xoa lam roi het,A6FEA881A5B8A6F0A54F,5,
dialogue_105DE9,UNK,A846,1,
dialogue_105E01,Chac la ngai so ta biet chi tiet,A44AA5B2A66DA74DA75DA3E4A459A7BB,8,
dialogue_105E55,Tieu ky muon lua ta,A7BCA5B0A65BA5DFA75D,5,
dialogue_105E70,Du tri da muu,A4C6A7E0A495A65D,4,
dialogue_105E87,Tru di mot dai hoan trong long,A7EBA4AFA654A498A55FA7EAA5DC,7,
dialogue_105EB7,Nay mao hiem mang den bao cho tuong,A665A5FBA551A5F7A4ACA3D7A467A7FE,8,
dialogue_105EF5,Phan tac vo le the,A6C2A75FA865A5C4A78A,5,
dialogue_105F09,Den truoc trai,A4ABA7F1A7D4,3,
dialogue_105F20,Ta muon ngai lam tien phong,A75CA65BA66DA5B8A7B6A6D0,6,
dialogue_105F31,Chua luyen thuan thuc,A472A5EBA7A3A7A6,4,
dialogue_105F4D,Neu quan ho luyen thuan,A66AA6DDA558A5EBA7A3,5,
dialogue_105F7B,Ta sao trung ke,A75CA740A7F0A582,4,
dialogue_105FD0,Minh cong khong can lo,A649A484A5A1A3FDA5D3,5,
dialogue_106001,Ke nay kho thanh cong,A581A666A597A782A484,5,
dialogue_10601F,Co the nhan co pha tuong thanh,A480A78AA693A481A6BDA7FEA782,7,
dialogue_106041,Ke kho nhu khong lua duoc ong,A581A597A6A0A5A1A5DFA4D0A6BB,7,
dialogue_10606D,Can mot nguoi lam gia hang cho ta,A3FCA654A688A5B8A4E6A546A467A75D,8,
dialogue_10609D,Hon la hang de van toan,A567A5B2A546A4AAA851A7C6,6,
dialogue_1060ED,Ngai noi loi nay,A66CA6ACA5D9A666,4,
dialogue_10612B,Nhung bat loi cho quan,A6A3A3D9A5D9A467A6DD,5,
dialogue_10615B,Khong xet mat quan vien,A5A0A87BA5FDA6DDA860,5,
dialogue_10619D,Cung la tuong lon mot phuong,A489A5B2A7FEA5DAA654A6D7,6,
dialogue_1061F4,Ta tu thuo doc binh thu,A75CA7F6A7A9A4BEA3E9A79F,6,
dialogue_106213,Nhu tre con mong cha me,A69FA7DBA482A652A449A643,6,
dialogue_10623B,Neu ngai lap dai cong,A66AA66DA5C0A498A484,5,
dialogue_106283,Dam treu choc ta,A499A7DEA468A75D,4,
dialogue_1062BB,Co dong gi cung bi ong biet,A480A4C3A4E4A48AA3DFA6BBA3E4,7,
dialogue_1062FD,Day la ke phu do chou thao,A4A7A5B2A582A6D2A4BBA46FA784,7,
dialogue_106339,Chac khong phuc vu minh cong,A44AA5A1A6D4A86CA64AA484,6,
dialogue_10635B,Mang mot tuong lam su,A5F6A654A7FEA5B8A756,5,
dialogue_106387,Tuong khong binh an,A7FDA5A1A3E9A3C8,4,
dialogue_106399,Nen khong dung tuong gioi quyet tu chien,A668A5A1A4CEA7FEA4F2A6E8A7F6A45E,8,
dialogue_10645F,Theo loi ngai,A78DA5D9A66D,3,
dialogue_10646B,Khong the bo roi,A5A0A78AA3EBA6F0,4,
dialogue_106483,UNK,A846,1,
dialogue_10649D,Chi can mot thu ket noi noi ung,A458A3FDA654A79FA584A6ACA6ACA845,8,
dialogue_1064DD,Nay la than phan phan tac,A665A5B2A77DA6C3A6C3A75F,6,
dialogue_106537,Minh cong neu co hanh dong,A649A484A66BA481A547A4C3,6,
dialogue_106567,Bi van dai nhuc nha,A3DEA851A498A6A2A68E,5,
dialogue_10659B,Di nay chac khong thanh,A4AEA666A44BA5A1A782,5,
dialogue_1065C1,Thay mot sao tuong sap roi,A787A654A740A7FEA741A6F0,6,
dialogue_1065F5,UNK,A846,1,
dialogue_106603,Ban cung o day,A3D2A48AA6B6A4A8,4,
dialogue_10661B,Chung ta theo lenh chu den lay mang ngai,A477A75DA78EA5C7A471A4ACA5C2A5F7A66D,9,
dialogue_106647,Sao gia mao binh linh o day,A6FEA4E6A5FBA3E9A5D1A6B6A4A8,7,
dialogue_106685,UNK,A846,1,
dialogue_1066BE,UNK,A846,1,
dialogue_1066E8,So binh si,A74CA3E9A74A,3,
dialogue_106706,UNK,A846,1,
dialogue_10671C,Trang thai,A7D8A779,2,
dialogue_106799,Ten tai da,A773A761A495,3,
dialogue_1067A1,So quan chu,A74CA6DDA471,3,
dialogue_106814,Bo cuoc,A3EAA48B,2,
dialogue_10681A,Quyet dinh,A6E7A4B9,2,
dialogue_10686E,Loai bao vat,A5D4A3D7A856,3,
dialogue_106895,Chua lien minh,A472A5CCA64A,3,
dialogue_1068A1,Lien minh cong thu,A5CBA64AA484A79F,4,
dialogue_1068C3,Nguoi quan ly,A687A6DDA5ED,3,
dialogue_1068FB,Chon hai quoc gia thuc hien,A46BA541A6E2A4E6A7A6A553,6,
dialogue_10691A,Hay chon hai tuong lam mat su,A54CA46CA541A7FEA5B8A5FDA756,7,
dialogue_1069ED,Quan huyen khu ho ton lang,A6DCA57BA5A3A558A7CBA5BC,6,
dialogue_106A0D,Hay chon tuong thuc hien ke nay,A54CA46CA7FEA7A6A553A582A666,7,
dialogue_106BA0,Hay chon tuong lam su thuc hien ke,A54CA46CA7FEA5B8A756A7A6A553A582,8,
dialogue_106BCC,Gui thu gia den,A4FAA79FA4E6A4AC,4,
dialogue_106C1C,Hay chon quan huyen giet nguoi dao,A54CA46CA6DDA57BA4F0A688A4A2,7,
dialogue_106CEB,Quan huyen hon nuoc mo ca,A6DCA57BA568A6B3A64CA3F4,6,
dialogue_106D09,Thuc hien ke hon nuoc mo ca,A7A5A553A582A568A6B3A64CA3F4,7,
dialogue_106D4B,Hay chon quan huyen pha tuong,A54CA46CA6DDA57BA6BDA7FE,6,
dialogue_106DA9,Hay chon quan huyen ke kho nhu,A54CA46CA6DDA57BA582A597A6A0,7,
dialogue_106DC7,Tuong,A7FD,1,
dialogue_106DCF,Thuc hien ke kho nhu,A7A5A553A582A597A6A0,5,
dialogue_106E0C,Hay chon quan huyen dot luong,A54CA46CA6DDA57BA4C5A5E8,6,
dialogue_106E4F,Thuc hien ke dot luong,A7A5A553A582A4C5A5E8,5,
dialogue_106E6D,Quan huyen du do hang,A6DCA57BA4C7A4BBA546,5,
dialogue_106E8A,Hay chon tuong muc tieu du do,A54CA46CA7FEA658A7BDA4C7A4BB,7,
dialogue_106EA6,Hay chon tuong mat su thuc hien ke,A54CA46CA7FEA5FDA756A7A6A553A582,8,
dialogue_106EEC,Du do hang thanh cong,A4C6A4BBA546A782A484,5,
dialogue_106F05,Quan huyen ce phan,A6DCA57BA448A6C3,4,
dialogue_106F21,Tuong muc tieu ce phan,A7FDA658A7BDA448A6C3,5,
dialogue_106F3D,Tuong mat su thuc hien ke,A7FDA5FDA756A7A6A553A582,6,
dialogue_106F84,Ce phan thanh cong,A447A6C3A782A484,4,
dialogue_106F9D,Quan huyen am sat,A6DCA57BA3C6A742,4,
dialogue_106FB9,Tuong muc tieu am sat,A7FDA658A7BDA3C6A742,5,
dialogue_10700C,Thuc hien am sat,A7A5A553A3C6A742,4,
dialogue_1070D8,Quan huyen do may quan ly,A6DCA57BA4BBA642A6DDA5ED,6,
dialogue_107100,Nguoi nay khong tham tien,A687A666A5A1A77BA7B6,5,
dialogue_10711F,Nguoi nay chac se di,A687A666A44BA748A4AF,5,
dialogue_107135,Chu ta mang ngan vang tang tuong,A470A75DA5F7A66EA853A767A7FE,7,
dialogue_10716D,Ta xin ra suc chon ngua,A75CA87EA6EBA759A46CA684,6,
dialogue_1071B0,Nguoi nay nhu Lieu Ha Hue tai the,A687A666A6A0A5CEA4FBA571A761A78A,8,
dialogue_1071D3,Dang mot my nhan de thu long,A49DA654A65EA693A4AAA79FA5DC,7,
dialogue_107213,Tren thien ha khong anh hung khac,A7DCA791A4FCA5A1A3CAA573A587,7,
dialogue_107253,Chu ta muon giao nu nay lam thi,A470A75DA65BA4EDA6AFA666A5B8A78F,8,
dialogue_107289,Ta se bao on nhu cho ngua,A75CA748A3D7A6B9A6A0A467A684,7,
dialogue_1072A7,Nhung lo danh ti khong lap,A6A3A5D3A4A0A7B2A5A1A5C0,6,
dialogue_1072D1,Ngai muon dung mot con ngua du do,A66CA65BA4CEA654A482A684A4C7A4BB,8,
dialogue_1072F5,Ngai muon chiem thien ha,A66CA65BA45CA791A4FC,5,
dialogue_107311,Nay co ngua tot mot con,A665A481A684A7CEA654A482,6,
dialogue_107365,Se bao on the nao,A747A3D7A6B9A78AA663,5,
dialogue_107381,Sao hom nay o duoi ke nhu,A6FEA566A666A6B6A4D1A582A6A0,7,
dialogue_1073D8,Han khong gap chu,A543A5A1A4DFA471,4,
dialogue_1073E7,Chim tot chon cay ma dau,A461A7CEA46CA446A5F0A4A6,6,
dialogue_10744B,Nhu mia kho gap mua,A69FA645A597A4DFA657,5,
dialogue_10748B,Chac khong bi lay chuyen,A44AA5A1A3DFA5C2A47E,5,
dialogue_1074A5,Chac noi duoc,A44AA6ACA4D0,3,
dialogue_1074C1,Xin tang minh cong,A87DA767A64AA484,4,
dialogue_1074E7,Ta sao khong het suc phuc vu,A75CA740A5A1A54FA759A6D4A86C,7,
dialogue_107533,Von noi tieng co doc,A867A6ACA7B7A481A4BE,5,
dialogue_107560,Minh cong nen tu den moi,A649A484A669A7F6A4ACA64F,6,
dialogue_1075A3,Ngai la nguoi trung nghia,A66CA5B2A688A7F0A676,5,
dialogue_107600,Mong ong mo dau va cuu nan,A651A6BBA64CA4A6A84EA493A661,7,
dialogue_107665,Mong ong vi dan chung thien ha,A651A6BBA85BA49CA478A791A4FC,7,
dialogue_1076B5,Han chua gap anh hung,A543A473A4DFA3CAA573,5,
dialogue_1076D5,Tuong sao bo ngoc tim da,A7FDA740A3EBA680A7BEA495,6,
dialogue_10770F,Chung khan co y kien gi,A477A58BA481A88FA5A9A4E4,6,
dialogue_10772D,UNK,A846,1,
dialogue_10774B,Day la dao thang binh gia,A4A7A5B2A4A2A780A3E9A4E6,6,
dialogue_1077F9,Thu hai la pha giao,A79EA541A5B2A6BDA4ED,5,
dialogue_107825,Nen quan khong dinh ma loi toan,A668A6DDA5A1A4B9A5F0A5D9A7C6,7,
dialogue_107891,Khong biet ke ma biet minh,A5A0A3E4A582A5F0A3E4A64A,6,
dialogue_1078DB,Nen tu bao toan ma thang het,A668A7F6A3D7A7C6A5F0A780A54F,7,
dialogue_10794D,Quan thang tien chien sau moi danh,A6DCA780A7B6A45EA744A64FA4A0,7,
dialogue_10799F,Quoc gia ma lam vui,A6E1A4E6A5F0A5B8A86F,5,
dialogue_1079C1,UNK,A846,1,
dialogue_1079FD,Nay thoi tiet mua thu mat,A665A79BA7BBA657A79FA5FD,6,
dialogue_107A4E,Mong quan thu nuoi quan,A651A6DDA79FA6B4A6DD,5,
dialogue_107A91,Nay ke dich co khe ha,A665A582A4B1A481A58FA4FC,6,
dialogue_107ABB,Nay neu tien quan gap,A665A66BA7B6A6DDA4DF,5,
dialogue_107B05,Quan ta la doi quan luyen tap,A6DCA75DA5B2A4BFA6DDA5EBA76B,7,
dialogue_107B57,Hon nua quan muon hy sinh,A567A6B0A6DDA65BA57DA74B,6,
dialogue_107BF3,Nay chi nen tu bin nghi vu,A665A459A669A7F6A3E7A674A86C,7,
dialogue_107C4D,Day la ke bao quoc,A4A7A5B2A582A3D7A6E2,5,
dialogue_107C93,Tuong van muon lam cuong,A7FDA851A65BA5B8A490,5,
dialogue_107CED,Neu khong xet thoi ma tien,A66AA5A1A87BA79BA5F0A7B6,6,
dialogue_107D43,Ngai nen tu duc an dan,A66CA669A7F6A4CAA3C8A49C,6,
dialogue_107D93,Hom nay tuong lai muon xuat quan,A565A666A7FEA5B6A65BA888A6DD,7,
dialogue_107DE1,Minh cong vi mot no ma dong quan,A649A484A85BA654A6AAA5F0A4C3A6DD,8,
dialogue_107E3D,Tuong khong nen gian ma chien,A7FDA5A1A669A4EAA5F0A45E,6,
dialogue_107E99,Ben chau de quan nhieu thi khong du,A3DBA452A4AAA6DDA69CA78FA5A1A4C7,8,
dialogue_107F71,Nay lai dong binh lam loan dan,A665A5B6A4C3A3E9A5B8A5D6A49C,7,
dialogue_107FE0,Cho co khe moi hanh dong,A466A481A58FA64FA547A4C3,6,
dialogue_108017,Ta muon on dinh lanh tho truoc,A75CA65BA6B9A4B9A5BEA798A7F1,7,
dialogue_10804B,So dan loan khoi day,A74CA49CA5D6A59FA4A8,5,
dialogue_108079,Nen van luong du phong,A668A851A5E8A4C7A6D0,5,
dialogue_1080AF,Nhung luong thao khong du,A6A3A5E8A784A5A1A4C7,5,
dialogue_1080EB,Cho binh linh tan ra dong trai,A466A3E9A5D1A765A6EBA4C3A7D4,7,
dialogue_108135,Ngai nghia duc den bon phuong,A66CA676A4CAA4ACA3EEA6D7,6,
dialogue_108177,Day la uy luc chu cong,A4A7A5B2A84BA5E2A471A484,6,
dialogue_1081B5,Bon chau kho luong day lua,A3EDA452A597A5E8A4A8A5DF,6,
dialogue_1081E7,Tu than gia quoc tri binh thien ha,A7F5A77DA4E6A6E2A7E0A3E9A791A4FC,8,
dialogue_108228,Chung ta de la ke ngu don,A477A75DA4AAA5B2A582A682A4C1,7,
dialogue_108253,Khong co loi hay de dang chu cong,A5A0A481A5D9A54DA4AAA49EA471A484,8,
dialogue_108285,Khong phai ke vo muu biet,A5A0A6BFA582A865A65DA3E4,6,
dialogue_1082B8,Chung khan trinh bay y kien,A477A58BA7E5A3DAA88FA5A9,6,
dialogue_1082EF,Luu Bi la anh hung,A5E9A3DEA5B2A3CAA573,5,
dialogue_108311,Sao phai tri hoan,A6FEA6BFA7E0A55F,4,
dialogue_108347,Sau se chet tay tieu nhan,A743A748A457A770A7BDA693,6,
dialogue_10838D,Dien Phong cung ma pham thuong,A4B3A6CFA48AA5F0A6C1A7AC,6,
dialogue_108437,Cong Lo nhu xuong trong mo,A483A5D2A6A0A88DA7EAA64C,6,
dialogue_108453,Lu Bo nhu cho soi,A5DDA3EAA6A0A467A74F,5,
dialogue_10847F,Chu cong neu khong thua de diet,A470A484A66BA5A1A7A1A4AAA4B5,7,
dialogue_1084DC,Danh tac Han phu vuong that,A49FA75FA543A6D2A871A786,6,
dialogue_10850F,So mat nghia voi thien ha,A74CA5FDA676A866A791A4FC,6,
dialogue_10853B,Hang ngay luyen binh,A545A670A5EBA3E9,4,
dialogue_10857D,Chu cong khoi nghia an thien ha,A470A484A59FA676A3C8A791A4FC,7,
dialogue_1085B7,Cac ngai tri hoan quan tam,A3F5A66DA7E0A55FA6DDA763,6,
dialogue_1085F6,Cho luc long day du,A466A5E2A5DCA4A8A4C7,5,
dialogue_108627,Huyen Duc von noi tieng anh hung,A57AA4C9A868A6ACA7B7A3CAA573,7,
dialogue_1086B7,Khac voi ke bi quan truoc,A586A866A582A3DFA6DDA7F1,6,
dialogue_108721,Chac bo luong cuong ngua don vuong,A44AA3EBA5E8A490A684A4C1A871,7,
dialogue_1087A5,Ton Sach o Giang Dong theo song,A7CAA6F7A6B6A4EBA4C2A78EA753,7,
dialogue_1087F9,Nay nhu ho chiem Ky Chau,A665A6A0A558A45CA5AFA451,6,
dialogue_108849,Lam ke dich bat loi,A5B7A582A4B1A3D9A5D9,5,
dialogue_1088B3,Lai co vien tuong Cuong,A5B5A481A860A7FEA48F,5,
dialogue_1088DB,Hon nua co quan Cuong,A567A6B0A481A6DDA48F,5,
dialogue_108905,Nguoi Kinh Chau goi mot trong Bat Tuan,A687A5ADA451A4F8A654A7EAA3D8A7F7,8,
dialogue_108963,Khong phai ke tham loi bo nghia,A5A0A6BFA582A77BA5D9A3EBA676,7,
dialogue_1089B3,Khong the dong quan lon lai,A5A0A78AA4C3A6DDA5DAA5B6,6,
dialogue_108A17,Moi co the tien quan dai,A64EA481A78AA7B6A6DDA498,6,
dialogue_108A3F,Khong the khe dich,A5A0A78AA58FA4B1,4,
dialogue_108A63,Nhu ho them can,A69FA558A78CA3FD,4,
dialogue_108A8D,Ngai dung binh gioi,A66CA4CEA3E9A4F2,4,
dialogue_108AB9,Khong the chien,A5A0A78AA45E,3,
dialogue_108AD9,Hon la cau hoa an dan,A567A5B2A445A55AA3C8A49C,6,
dialogue_108B15,Ke vo dung,A581A865A4CE,3,
dialogue_108B30,Hon nua tri chinh nhan la goc,A567A6B0A7E0A464A693A5B2A4F7,7,
dialogue_108B5D,Thong binh phap,A79CA3E9A6C5,3,
dialogue_108B95,Ta biet ong thuong bat man,A75CA3E4A6BBA7ACA3D9A5F5,6,
dialogue_108BD7,Khong cho doc chuoc quyen,A5A0A467A4BEA479A6E6,5,
dialogue_108BF9,Sao khong moi den,A6FEA5A1A64FA4AC,4,
dialogue_108C19,Tron loan an minh o day,A7E8A5D6A3C8A64AA6B6A4A8,6,
dialogue_108C50,Tuong ta deu ve chu cong,A7FDA75DA4ADA859A471A484,6,
dialogue_108C73,Chac hy sinh bao on tri ngai,A44AA57DA74BA3D7A6B9A7E0A66D,7,
dialogue_108CA4,Xong dau rot mau khong lui,A882A4A6A6F2A640A5A1A5E3,6,
dialogue_108CDD,Anh tai thien ha ve chu cong,A3C9A761A791A4FCA859A471A484,7,
dialogue_108D27,Neu lam le tam cung tim tai,A66AA5B8A5C4A763A48AA7BEA761,7,
dialogue_108D60,Dong que khong tai dung,A4C2A6E0A5A1A761A4CE,5,
dialogue_108D89,Chu cong nen xet nhan dung tai,A470A484A669A87BA693A4CEA761,7,
dialogue_108DC1,Chu cong thuong phat ro,A470A484A7ACA6C7A6EF,5,
dialogue_108DE3,Thuong hu thi quan oan,A7ABA56DA78FA6DDA6B7,5,
dialogue_108E03,La phap dien thien cu ac,A5B1A6C5A4B4A791A487A3C2,6,
dialogue_108E3B,Hy sinh tan toan,A57CA74BA765A7C6,4,
dialogue_108E57,Khong vi mot nu ma hy sinh,A5A0A85BA654A6AFA5F0A57DA74B,7,
dialogue_108E7D,La tam phuc tuong manh chu cong,A5B1A763A6D4A7FEA5F9A471A484,7,
dialogue_108EDA,Van tang ngua quy,A850A767A684A6E4,4,
dialogue_108F15,Chu cong sao tang bao vat,A470A484A740A767A3D7A856,6,
dialogue_108F3B,Dung si biet hy sinh vi gi,A4CDA74AA3E4A57DA74BA85BA4E4,7,
dialogue_108F5B,Giao cong chua cho nguoi nay,A4ECA484A473A467A688A666,6,
dialogue_108F88,La anh tuong thoi dai,A5B1A3CAA7FEA79BA498,5,
dialogue_108FC1,Nguoi nay chac sinh long phan,A687A666A44BA74BA5DCA6C3,6,
dialogue_108FDD,La minh chau nem toi,A5B1A64AA452A667A7C9,5,
dialogue_10900B,La tai an bang dinh quoc,A5B1A761A3C8A3D5A4B9A6E2,6,
dialogue_10902F,Minh cong neu truc xuat,A649A484A66BA7EEA888,5,
dialogue_109061,UNK,A846,1,
dialogue_10908B,Hon nua viec chua ro,A567A6B0A85DA473A6EF,5,
dialogue_1090B9,UNK,A846,1,
dialogue_1090E5,Neu khong diet tan goc,A66AA5A1A4B5A765A4F7,5,
dialogue_109108,Hom nay khong giet tac,A565A666A5A1A4F0A75F,5,
dialogue_109121,Giu ngai lam gi,A4F3A66DA5B8A4E4,4,
dialogue_109143,UNK,A846,1,
dialogue_109165,Cach trieu chieu,A3F7A7E3A460,3,
dialogue_10918F,Quan huyen trieu chieu tuong,A6DCA57BA7E3A460A7FE,5,
dialogue_1091AC,Khong tuong tai da,A5A0A7FEA761A495,4,
dialogue_1091BF,Tuong trieu chieu,A7FDA7E3A460,3,
dialogue_1091D5,UNK,A846,1,
dialogue_1091EF,Hay nhap so vang tang,A54CA695A74DA853A767,5,
dialogue_1092AA,Quyet khong phuc vu,A6E7A5A1A6D4A86C,4,
dialogue_1092CC,Trieu chieu that bai,A7E2A460A786A3D1,4,
dialogue_109317,Dung sac du do,A4CDA6F6A4C7A4BB,4,
dialogue_1093B4,Trong quan khong co ma quy,A7E9A6DDA5A1A481A5F0A6E4,6,
dialogue_109474,Chu cong khong co bao vat,A470A484A5A1A481A3D7A856,6,
dialogue_10948F,Hay chon bao vat tang,A54CA46CA3D7A856A767,5,
dialogue_10958C,Khong tuong hop de trieu,A5A0A7FEA56BA4AAA7E3,5,
dialogue_1095BC,Thuyet phuc bang dai nghia,A7AFA6D4A3D5A498A676,5,
dialogue_109650,Hay chon quan thay quan chuc,A54CA46CA6DDA788A6DDA476,6,
dialogue_109668,Hay chon tuong thay quan chuc,A54CA46CA7FEA788A6DDA476,6,
dialogue_109684,Hay chon quan chuc muon thay,A54CA46CA6DDA476A65BA788,6,
dialogue_1096D8,Tong tuong chua du sau nguoi,A7CCA7FEA473A4C7A744A688,6,
dialogue_109704,Hay chon chu de hoi nghi,A54CA46CA471A4AAA564A674,6,
dialogue_10971D,UNK,A846,1,
dialogue_109738,Ke nay khong thuc hien duoc,A581A666A5A1A7A6A553A4D0,6,
dialogue_10978D,UNK,A846,1,
dialogue_109796,Hay chon quoc gia thao luan,A54CA46CA6E2A4E6A784A5E0,6,
dialogue_10989C,Hay chon quan huyen thuong tuong,A54CA46CA6DDA57BA7ACA7FE,6,
dialogue_1098CE,Hay nhap so vang thuong,A54CA695A74DA853A7AC,5,
dialogue_1099E0,Chu cong khong con cong chua,A470A484A5A1A482A484A473,6,
dialogue_109A1A,Hay chon tuong cuoi cong chua,A54CA46CA7FEA48DA484A473,6,
dialogue_109A37,Giao cong chua cho,A4ECA484A473A467,4,
dialogue_109A54,Hay chon cach xu phat,A54CA46CA3F8A885A6C7,5,
dialogue_109A67,Hay chon quan huyen xu tuong,A54CA46CA6DDA57BA885A7FE,6,
dialogue_109A9D,Hay chon bao vat tru,A54CA46CA3D7A856A7EC,5,
dialogue_109AF0,Hay chon quan huyen truc xuat,A54CA46CA6DDA57BA7EEA888,6,
dialogue_109B0C,Hay chon tuong truc xuat,A54CA46CA7FEA7EEA888,5,
dialogue_109B32,Quan huyen truc dau tuong,A6DCA57BA7EEA4A6A7FE,5,
dialogue_109B4D,UNK,A846,1,
dialogue_109B80,Da bi truc dau thi chung,A494A3DFA7EEA4A6A78FA478,6,
dialogue_109BC4,La ca trong dao ta,A5B1A3F4A7EAA4A2A75D,5,
dialogue_109BFB,Hai nuoc hop thi co loi,A540A6B3A56BA78FA481A5D9,6,
dialogue_109C5F,May man khong lam mat mang,A641A5F5A5A1A5B8A5FDA5F7,6,
dialogue_109C74,Am muu ta rat gan,A3C5A65DA75DA6EDA4DE,5,
dialogue_109C8B,Tin nghia noi tieng chu hau,A7BFA676A6ACA7B7A471A54B,6,
dialogue_109CD7,Minh cong nen tan cong gap,A649A484A669A765A484A4DF,6,
dialogue_109CF9,La uy luc chu cong,A5B1A84BA5E2A471A484,5,
dialogue_109D11,Loai bo tin nghia,A5D4A3EBA7C0A676,4,
dialogue_109D31,Thieu mot nguoi bien thien,A794A654A688A3E2A791,5,
dialogue_109D7B,Khong thuyet phuc duoc,A5A0A7B0A6D4A4D0,4,
dialogue_109D95,Mang mot tuong dan quan tro,A5F6A654A7FEA49CA6DDA7E6,6,
dialogue_109DAF,Thay nuoc lang co nan,A787A6B3A5BCA481A661,5,
dialogue_109DD5,Nuoc ta tich o lau,A6B2A75DA7B4A6B6A5C1,5,
dialogue_109E0D,Giup vang va luong,A4F5A853A84EA5E8,4,
dialogue_109E21,Khong muon cho luong,A5A0A65BA467A5E8,4,
dialogue_109E37,Mang tuong dan quan pha la thuong,A5F6A7FEA49CA6DDA6BDA5B2A7AC,7,
dialogue_109E75,Chu hau khong dam nhin ta,A470A54BA5A1A49AA69DA75D,6,
dialogue_109EA4,Vui ve chap nhan,A86EA859A44EA693,4,
dialogue_109EB1,Chu cong sao khong danh,A470A484A740A5A1A4A0,5,
dialogue_109EDD,Can gi cho luong ke,A3FCA4E4A467A5E8A582,5,
dialogue_109F0D,Hon la dung ke nhuu nhu,A567A5B2A4CEA582A6A7A6A0,6,
dialogue_109F62,Chon ngay hoi le,A46BA670A564A5C4,4,
dialogue_109F7B,Khong xung mong chu cong,A5A0A88BA652A471A484,5,
dialogue_109F93,Hon la dung phap nhuu nhu,A567A5B2A4CEA6C5A6A7A6A0,6,
dialogue_109FC7,Nay nhu chim bi ban,A665A6A0A462A3DFA3D3,5,
dialogue_109FF9,Qua nhu mong muon,A6DAA6A0A652A65B,4,
dialogue_10A011,UNK,A846,1,
dialogue_10A047,Tot cua tot,A7CDA488A7CE,3,
dialogue_10A065,De cuu mang dan mot quan,A4A9A493A5F7A49CA654A6DD,6,
dialogue_10A0A1,Hai quan chi gap tren chien truong,A540A6DDA459A4DFA7DDA45EA7F3,7,
dialogue_10A0CF,Quyet khong hoa,A6E7A5A1A55A,3,
dialogue_10A0E7,Nen gia lenh Thien tu,A668A4E6A5C7A790A7F6,5,
dialogue_10A13B,Lien hai ben ngung chien,A5CBA541A3DCA686A45E,5,
dialogue_10A167,Khong nghe khuyen,A5A0A672A5A5,3,
dialogue_10A183,Bo mot ke vo muu,A3EAA654A582A865A65D,5,
dialogue_10A1C9,Tra ve nuoc ta,A7CFA859A6B3A75D,4,
dialogue_10A1DF,Khong the chuoc,A5A0A78AA479,3,
dialogue_10A201,Quoc gia lien minh,A6E1A4E6A5CCA64A,4,
dialogue_10A219,Tuong lam su,A7FDA5B8A756,3,
dialogue_10A238,Hay nhap thoi han lien minh,A54CA695A79BA544A5CCA64A,6,
dialogue_10A311,UNK,A846,1,
dialogue_10A35C,Hay chon quan huyen hop tan,A54CA46CA6DDA57BA56BA765,6,
dialogue_10A3E0,Hay chon vat tu vien tro,A54CA46CA856A7F6A860A7E6,6,
dialogue_10A3F8,Hay nhap vien tro,A54CA695A860A7E6,4,
dialogue_10A4C4,Hay chon quoc gia lien hon,A54CA46CA6E2A4E6A5CCA568,6,
dialogue_10A587,Quoc gia tien cong,A6E1A4E6A7B6A484,4,
dialogue_10A5A0,Hay chon vat tu tien cong,A54CA46CA856A7F6A7B6A484,6,
dialogue_10A611,UNK,A846,1,
dialogue_10A67C,Hay chon quoc gia ep buoc,A54CA46CA6E2A4E6A4D7A3F0,6,
dialogue_10A691,Vat tu yeu cau,A855A7F6A892A445,4,
dialogue_10A6AB,Ep yeu cau,A4D6A892A445,3,
dialogue_10A7E0,Hay chon quoc gia hang phuc,A54CA46CA6E2A4E6A546A6D4,6,
dialogue_10A8E5,UNK,A846,1,
dialogue_10A9B8,Uy tin quoc gia ton hai,A84AA7C0A6E2A4E6A7CBA541,6,
dialogue_10A9D4,Hay chon quoc gia trao tu,A54CA46CA6E2A4E6A7DAA7F6,6,
dialogue_10AA0C,Hay chon tuong tu bin tra,A54CA46CA7FEA7F6A3E7A7D0,6,
dialogue_10AA27,Hay chon dieu kien trao doi,A54CA46CA4B7A5A9A7DAA4BF,6,
dialogue_10AA5D,Tuong tu bin dich tra,A7FDA7F6A3E7A4B1A7D0,5,
dialogue_10AA7D,UNK,A846,1,
dialogue_10AB84,Co quyet che tao khong,A480A6E8A455A769A5A1,5,
dialogue_10AC15,Co quyet thuc hien khong,A480A6E8A7A6A553A5A1,5,
dialogue_10AC3E,Kho luong trong rong,A596A5E8A7EAA6F1,4,
dialogue_10AD37,Hay chon vu khi muon mua,A54CA46CA86CA591A65BA657,6,
dialogue_10ADE8,Khong du vang mua nu tien,A5A0A4C7A853A657A6AFA7B6,6,
dialogue_10AE5C,Khong du vang mua ngua,A5A0A4C7A853A657A684,5,
dialogue_10AE8C,Khong con thanh nien tot,A5A0A482A782A6A8A7CE,5,
dialogue_10AEF0,tan binh,A765A3E9,2,
dialogue_10AF10,Co quyet chiem binh khong,A480A6E8A45CA3E9A5A1,5,
dialogue_10AF2D,UNK,A846,1,
dialogue_10AF9A,Chiem binh,A45BA3E9,2,
dialogue_10AFBC,Co quyet muu binh khong,A480A6E8A65DA3E9A5A1,5,
dialogue_10B025,Ngua,A683,1,
dialogue_10B03C,Nu binh,A6AEA3E9,2,
dialogue_10B046,Lien nu,A5CBA6AF,2,
dialogue_10B052,Hay chon loai binh tai bien,A54CA46CA5D5A3E9A761A3E2,6,
dialogue_10B06C,Hay nhap so binh tai bien,A54CA695A74DA3E9A761A3E2,6,
dialogue_10B0A1,Hay chon quan huyen dich,A54CA46CA6DDA57BA4B1,5,
dialogue_10B0C4,Hay chon muc van bu,A54CA46CA658A851A3EF,5,
dialogue_10B0F1,UNK,A846,1,
dialogue_10B111,Khong co vang trong,A5A0A481A853A7EA,4,
dialogue_10B128,Nhap van chuyen,A694A851A47E,3,
dialogue_10B179,Khong co ngua trong,A5A0A481A684A7EA,4,
dialogue_10B18D,Nhap van chuyen,A694A851A47E,3,
dialogue_10B1C1,UNK,A846,1,
dialogue_10B1E4,Khong co lien nu,A5A0A481A5CCA6AF,4,
dialogue_10B215,Khong co phat da xe,A5A0A481A6C7A495A87A,5,
dialogue_10B24B,Khong co xe xung,A5A0A481A87AA88B,4,
dialogue_10B2B1,Khong co can lan,A5A0A481A3FDA5BA,4,
dialogue_10B2E5,Khong co nguyen vu,A5A0A481A68BA86C,4,
dialogue_10B394,Hon la theo minh chu khac,A567A5B2A78EA64AA471A587,6,
dialogue_10B3C9,Nghe tieng dung truong tuong,A671A7B7A4CEA7F3A7FE,5,
dialogue_10B417,Chua gap ai nhu minh cong,A472A4DFA3C4A6A0A64AA484,6,
dialogue_10B467,Minh cong chi tai nap si,A649A484A459A761A664A74A,6,
dialogue_10B484,Mua lon,A656A5DA,2,
dialogue_10B499,UNK,A846,1,
dialogue_10B4B1,Vi ly,A85AA5ED,2,
dialogue_10B4B9,UNK,A846,1,
dialogue_10B4C3,Giam mieng,A4E8A647,2,
dialogue_10B4CB,Giam nghiep,A4E8A679,2,
dialogue_10B4D3,UNK,A846,1,
dialogue_10B4E3,Si khi tang,A749A591A767,3,
dialogue_10B4F3,Vang,A852,1,
dialogue_10B4FC,Tang luong,A766A5E8,2,
dialogue_10B514,Bao vat,A3D6A856,2,
dialogue_10B533,Dai nghiep thanh cong mong xuan,A497A679A782A484A652A887,6,
dialogue_10B553,Ngai thong nhat thien ha,A66CA79DA697A791A4FC,5,
dialogue_10B7FA,Quan xay bao loan,A6DCA878A3D7A5D6,4,
dialogue_10B81F,Tri do giam,A7DFA4BBA4E9,3,
dialogue_10B9DC,Khong co ton hai,A5A0A481A7CBA541,4,
dialogue_10BAB7,Chi tieu luong quan quan,A458A7BDA5E8A6DDA6DD,5,
dialogue_10BAD4,Tri do la,A7DFA4BBA5B2,3,
dialogue_10BB3B,Don dien thieu hut,A4C0A4B4A795A576,4,
dialogue_10BB58,Don dien binh an,A4C0A4B4A3E9A3C8,4,
dialogue_10BB72,Don dien thu hoach,A4C0A4B4A79FA55C,4,
dialogue_10BC1C,Quan thu tang,A6DCA79FA767,3,
dialogue_10BC88,Do huan luyen tang,A4BAA570A5EBA767,4,
dialogue_10BCB2,Van chuyen tren duong,A850A47EA7DDA4D3,4,
dialogue_10BD48,Moi duoc tan binh,A64EA4D0A765A3E9,4,
dialogue_10BDF4,Hoan thanh,A55EA782,2,
dialogue_10BE06,UNK,A846,1,
dialogue_10BE50,Nong nghiep tang,A6ADA679A767,3,
dialogue_10BE62,Gat nuoc ma gieo,A4E0A6B3A5F0A4EF,4,
dialogue_10BE77,Ket thuc don dien,A583A7A6A4C1A4B4,4,
dialogue_10BEA0,Thuong nghiep tang,A7ABA679A767,3,
dialogue_10BECC,Chong hong tang,A46DA56AA767,3,
dialogue_10BF5C,Gui cho quan chu,A4FAA467A6DDA471,4,
dialogue_10BF75,UNK,A846,1,
dialogue_10BFAE,Kho lua tang,A596A5DFA767,3,
dialogue_10BFC0,Lua giam,A5DEA4E9,2,
dialogue_10BFFB,Da mua nu tien,A494A657A6AFA7B6,4,
dialogue_10C00C,Da mua ngua tot,A494A657A684A7CE,4,
dialogue_10C234,Ha a,A4FBA3C1,2,
dialogue_10C23C,Neu bo kiem ngay,A66AA3EBA5A7A670,4,
dialogue_10C274,Day la y troi,A4A7A5B2A88FA7E7,4,
dialogue_10C28F,Dam danh 300 hoi,A499A4A0A3C0A564,4,
dialogue_10C2B3,Ngai chi co tai nay,A66CA459A481A761A666,5,
dialogue_10C2DF,Khong lay dau ngai,A5A0A5C2A4A6A66D,4,
dialogue_10C321,Ky thua nhan,A5AFA7A1A693,3,
dialogue_10C33C,Muon di,A65AA4AF,2,
dialogue_10C345,Ta mot ten,A75CA654A774,3,
dialogue_10C353,Khong biet la ke,A5A0A3E4A5B2A582,4,
dialogue_10C451,Phai vay,A6BEA857,2,
dialogue_10C45B,Dam xam bien gioi,A499A875A3E2A4F2,4,
dialogue_10C473,Den lay dau ngai,A4ABA5C2A4A6A66D,4,
dialogue_10C483,UNK,A846,1,
dialogue_10C48F,Bao ten truoc,A3D6A774A7F1,3,
dialogue_10C4C5,Tra but,A7CFA3F1,2,
dialogue_10C4D3,O day,A6B5A4A8,2,
dialogue_10C4DD,Bi danh lua,A3DEA4A0A5DF,3,
dialogue_10C4E9,Ngua bi troi,A683A3DFA7E7,3,
dialogue_10C4FB,Tuong vo danh,A7FDA865A4A0,3,
dialogue_10C515,Van co chap ngo,A850A481A44EA67B,4,
dialogue_10C533,Sao noi bao,A6FEA6ACA3D7,3,
dialogue_10C549,Dam noi loan,A499A6ACA5D6,3,
dialogue_10C564,Ke tro ac,A581A7E6A3C2,3,
dialogue_10C57C,Loai chuot nhat,A5D4A47BA697,3,
dialogue_10C594,Phan tac hang ha,A6C2A75FA546A4FC,4,
dialogue_10C5A3,Sao khong hang som,A6FEA5A1A546A750,4,
dialogue_10C5B9,UNK,A846,1,
dialogue_10C5CC,Ke phu dung cuong,A581A6D2A4CEA490,4,
dialogue_10C5DB,UNK,A846,1,
dialogue_10C600,Ta quyet giet ngai,A75CA6E8A4F0A66D,4,
dialogue_10C60B,Co gi ke,A480A4E4A582,3,
dialogue_10C621,UNK,A846,1,
dialogue_10C634,O dau,A6B5A4A6,2,
dialogue_10C765,Chay mat,A453A5FD,2,
dialogue_10C790,Chi cong chet som,A458A484A457A750,4,
dialogue_10C7C7,Bi kinh hoang,A3DEA5AEA561,3,
dialogue_10C984,Ca toc mai vao lich su,A3F3A7C7A5F3A854A5CAA756,6,
dialogue_10CBBF,Bi khich dong phan,A3DEA592A4C3A6C3,4,
dialogue_10CF4D,Hung 11,A572A3BF,2,
dialogue_10CF55,Muoi hai,A659A541,2,
dialogue_10CF5D,Thuong tinh,A7ABA7C2,2,
dialogue_10CF73,UNK,A846,1,
dialogue_10CF79,Tau bac,A76EA3CF,2,
dialogue_10CF8C,Dong nam,A4C2A660,2,
dialogue_10CF97,Viec ngai hua voi chu ta,A85CA66DA56FA866A471A75D,6,
dialogue_10CFC5,Ai theo ta cung chet,A3C3A78EA75DA48AA457,5,
dialogue_10D033,Anh hung bon phuong cung tao dai nghiep,A3C9A573A3EEA6D7A48AA769A498A679,8,
dialogue_10D0B3,Nhu tan may thay troi,A69FA765A642A788A7E7,5,
dialogue_10D0F4,Ai dam quyet tu voi ta,A3C3A49AA6E8A7F6A866A75D,6,
dialogue_10D107,Den lay mang ngai,A4ABA5C2A5F7A66D,4,
dialogue_10D117,Khong xung giao thu,A5A0A88BA4EDA79F,4,
dialogue_10D131,Dai ngu,A497A682,2,
dialogue_10D192,Rut lui toan quan,A6F4A5E3A7C6A6DD,4,
dialogue_10D1AB,UNK,A846,1,
dialogue_10D1B5,UNK,A846,1,
dialogue_10D1C2,UNK,A846,1,
dialogue_10D1F4,Khong the nghi duong,A5A0A78AA674A4D3,4,
dialogue_10D274,Khong the khich si khi,A5A0A78AA592A74AA591,5,
dialogue_10D375,Vi tri bo doi,A85AA7E0A3EBA4BF,4,
dialogue_10D38B,Vi tri cong thanh,A85AA7E0A484A782,4,
dialogue_10D3C8,Vat tu,A855A7F6,2,
dialogue_10D3E8,Tran hinh,A7D6A556,2,
dialogue_10D42F,UNK,A846,1,
dialogue_10D437,UNK,A846,1,
dialogue_10D4A3,Binh chay chet het,A3E8A454A457A54F,4,
dialogue_10D50B,Binh chay het,A3E8A454A54F,3,
dialogue_10D5FF,Leo tuong cong thanh,A5C8A7FEA484A782,4,
dialogue_10D611,Dung van ti leo tuong,A4CDA851A7B2A5C9A7FE,5,
dialogue_10D641,Tan cong doi dich lien,A764A484A4BFA4B1A5CC,5,
dialogue_10D65F,Hay chon doi dich tan cong,A54CA46CA4BFA4B1A765A484,6,
dialogue_10D677,Hay chon doi dich ban,A54CA46CA4BFA4B1A3D3,5,
dialogue_10D7A1,Ke hoa tan that bai,A581A55AA765A786A3D1,5,
dialogue_10D918,Quan da toan quan phuc,A6DCA495A7C6A6DDA6D4,5,
dialogue_10D973,Xe phat da bi pha,A879A6C7A495A3DFA6BD,5,
dialogue_10D98B,Xe xung bi pha,A879A88BA3DFA6BD,4,
dialogue_10D9A2,Van ti bi pha,A850A7B2A3DFA6BD,4,
dialogue_10D9BC,Can lan bi pha,A3FCA5BAA3DFA6BD,4,
dialogue_10D9D1,UNK,A846,1,
dialogue_10D9E5,Nha pai bi pha,A68DA6BCA3DFA6BD,4,
dialogue_10D9F9,Xa le bi pha,A872A5C4A3DFA6BD,4,
dialogue_10DA9F,Ce phan du do hang,A447A6C3A4C7A4BBA546,5,
dialogue_10DAD5,Ke nay can vang,A581A666A3FDA853,4,
dialogue_10DAF8,Quan tu khong du,A6DCA7F6A5A1A4C7,4,
dialogue_10DB15,Can vat lieu vang,A3FCA856A5CFA853,4,
dialogue_10DB80,Dot luong cuop luong,A4C4A5E8A491A5E8,4,
dialogue_10DBC7,Ke moai thanh cong,A581A64DA782A484,4,
dialogue_10DBEF,Ke dot luong bi phat,A581A4C5A5E8A3DFA6C7,5,
dialogue_10DC17,Cho gian xam tham,A466A4EAA875A77B,4,
dialogue_10DC43,Truyen tin ac,A7F4A7C0A3C2,3,
dialogue_10DC68,Tin ac trong dich trai,A7BFA3C2A7EAA4B1A7D4,5,
dialogue_10DD50,Mat tham thu tin dich,A5FCA77BA79FA7C0A4B1,5,
dialogue_10DD6D,UNK,A846,1,
dialogue_10DDDB,UNK,A846,1,
dialogue_10DE14,Tran hinh bo doi,A7D6A556A3EBA4BF,4,
dialogue_10DE70,Quyet truc dau khong,A6E7A7EEA4A6A5A1,4,
dialogue_10DE83,Bi giam trong nguc,A3DEA4E9A7EAA685,4,
dialogue_10DE98,Quyet tha khong,A6E7A775A5A1,3,
dialogue_10DEAB,Da duoc tha,A494A4D0A775,3,
dialogue_10DEBA,Bi truc dau thi chung,A3DEA7EEA4A6A78FA478,5,
menu_0FE01F,[loi extract],5BA5D9A4D85D,2,
menu_0FE033,Dien Phong,A4B3A6CF,2,
menu_0FE08F,Chu Du,A470A4C6,2,
menu_0FE095,[loi extract],5BA5D9A4D85D,2,
menu_0FE0C7,[loi extract],5BA5D9A4D85D,2,
menu_0FE123,[loi extract],5BA5D9A4D85D,2,
menu_0FE133,Ky Van,A5AFA850,2,
menu_0FE157,Cat Mieu,A443A648,2,
menu_0FE15D,[loi extract],5BA5D9A4D85D,2,
menu_0FE163,[loi extract],5BA5D9A4D85D,2,
menu_0FE183,Tuy Cao,A840A440,2,
menu_0FE193,Ha Uyen,A4FBA84C,2,
menu_0FE1A5,[loi extract],5BA5D9A4D85D,2,
menu_0FE1DF,Tu Vien,A7F5A85F,2,
menu_0FE1E7,Khong Huu,A5A0A577,2,
menu_0FE1FB,Lu Bo,A5DDA3EA,2,
menu_0FE213,Gia Cat Khac,A4E5A443A586,3,
menu_0FE25D,[loi extract],5BA5D9A4D85D,2,
menu_0FE263,Vien Dam,A85FA499,2,
menu_0FE269,[loi extract],5BA5D9A4D85D,2,
menu_0FE2BB,[loi extract],5BA5D9A4D85D,2,
menu_0FE2C1,[loi extract],5BA5D9A4D85D,2,
menu_0FE2E5,Ly Que,A5ECA6DF,2,
menu_0FE313,Luc Tich,A5E1A7B3,2,
menu_0FE333,Sa Ma Kha,A6F5A5EFA585,3,
menu_0FE35B,[loi extract],5BA5D9A4D85D,2,
menu_0FE367,[loi extract],5BA5D9A4D85D,2,
menu_0FE36D,[loi extract],5BA5D9A4D85D,2,
menu_0FE387,Do Tu Dai Vuong,A4BAA7F5A497A870,4,
menu_0FE391,Dien Vi,A4B3A85A,2,
menu_0FE3B3,[loi extract],5BA5D9A4D85D,2,
menu_0FE3C9,[loi extract],5BA5D9A4D85D,2,
menu_0FE3D3,Chu Thai,A470A778,2,
menu_0FE3D9,[loi extract],5BA5D9A4D85D,2,
menu_0FE3E3,[loi extract],5BA5D9A4D85D,2,
menu_0FE3FB,Phap Chinh,A6C4A463,2,
menu_0FE419,[loi extract],5BA5D9A4D85D,2,
menu_0FE45B,[loi extract],5BA5D9A4D85D,2,
menu_0FE467,Phi Y,A6CAA88E,2,
menu_0FE48B,Chuong Tu,A47AA7F5,2,
menu_0FE491,Tong Du,A7CCA4C6,2,
menu_0FE4CF,Tuong Vi,A7FDA85A,2,
menu_0FE4DB,[loi extract],5BA5D9A4D85D,2,
menu_0FE509,[loi extract],5BA5D9A4D85D,2,
menu_0FE52B,Ma Tieu,A5EFA7BC,2,
menu_0FE543,Phu nhan Chuc Dung,A6D1A693A475A4CD,4,
menu_0FE55F,[loi extract],5BA5D9A4D85D,2,
menu_0FE56B,[loi extract],5BA5D9A4D85D,2,
menu_0FE571,[loi extract],5BA5D9A4D85D,2,
menu_0FE587,[loi extract],5BA5D9A4D85D,2,
menu_0FE5B1,[loi extract],5BA5D9A4D85D,2,
menu_0FE5BF,Chau Thu,A451A79E,2,
menu_0FE5CD,Vuong Lang,A870A5BB,2,
menu_0FE5D7,Ha Hau Don,A4FBA54AA4C0,3,
menu_0FE5DF,Ha Hau Uyen,A4FBA54AA84C,3,
menu_0FE5EB,[loi extract],5BA5D9A4D85D,2,
menu_0FE5F1,[loi extract],5BA5D9A4D85D,2,
menu_0FE5F7,Ha Hau Ba,A4FBA54AA3CC,3,
menu_0FE613,[loi extract],5BA5D9A4D85D,2,
menu_0FE647,Vo Ban,A864A3D2,2,
menu_0FE64D,Hau Can,A54AA3FC,2,
menu_0FE659,[loi extract],5BA5D9A4D85D,2,
menu_0FE665,[loi extract],5BA5D9A4D85D,2,
menu_0FE66B,Ton Hao,A7CAA548,2,
menu_0FE677,Ton Sach,A7CAA6F7,2,
menu_0FE680,Ton Quyen,A7CAA6E5,2,
menu_0FE68B,Ton Thieu,A7CAA794,2,
menu_0FE69B,Ton Tinh,A7CAA7C1,2,
menu_0FE6A3,Nham Kien,A691A5A8,2,
menu_0FE6BB,[loi extract],5BA5D9A4D85D,2,
menu_0FE6C7,Ton Khang,A7CAA58C,2,
menu_0FE6D3,Ton Kiet,A7CAA5AA,2,
menu_0FE6D9,[loi extract],5BA5D9A4D85D,2,
menu_0FE6DF,[loi extract],5BA5D9A4D85D,2,
menu_0FE70D,[loi extract],5BA5D9A4D85D,2,
menu_0FE713,[loi extract],5BA5D9A4D85D,2,
menu_0FE723,Luong Ky,A5E7A5AF,2,
menu_0FE72C,Hoan Pham,A55EA6C0,2,
menu_0FE74F,Quan Khac,A6DCA586,2,
menu_0FE76B,Canh Ky,A3FEA5AF,2,
menu_0FE777,Tu Ma Y,A7F5A5EFA88E,3,
menu_0FE78F,Hua Chu,A56EA470,2,
menu_0FE79B,Tun Tu,A7FBA7F5,2,
menu_0FE7B5,[loi extract],5BA5D9A4D85D,2,
menu_0FE7BB,[loi extract],5BA5D9A4D85D,2,
menu_0FE7CB,Vien Thieu,A85FA794,2,
menu_0FE7D1,Vien Thu,A85FA79E,2,
menu_0FE7D8,Vien Thu,A85FA79E,2,
menu_0FE7E3,[loi extract],5BA5D9A4D85D,2,
menu_0FE7E9,Vien Dam,A85FA499,2,
menu_0FE7EF,Vien Dam,A85FA499,2,
menu_0FE7FB,Cong Ton Toan,A483A7CAA7C5,3,
menu_0FE80D,Vuong Ky,A870A5AF,2,
menu_0FE817,Ma Tu,A5EFA7F5,2,
menu_0FE81F,Vuong Binh,A870A3E8,2,
menu_0FE83F,Tieu Thua,A7BCA7A0,2,
menu_0FE857,[loi extract],5BA5D9A4D85D,2,
menu_0FE85D,[loi extract],5BA5D9A4D85D,2,
menu_0FE897,[loi extract],5BA5D9A4D85D,2,
menu_0FE8AF,Thoi Diem,A79AA4B2,2,
menu_0FE8D7,Truong Huu,A7F2A577,2,
menu_0FE8F3,Tuong Dong,A7FDA4C2,2,
menu_0FE90D,[loi extract],5BA5D9A4D85D,2,
menu_0FE923,Truong Phi,A7F2A6CA,2,
menu_0FE934,Truong Duong,A7F2A4D2,2,
menu_0FE93F,Truong On,A7F2A6B8,2,
menu_0FE945,[loi extract],5BA5D9A4D85D,2,
menu_0FE94F,[loi extract],5BA5D9A4D85D,2,
menu_0FE967,Truong Lieu,A7F2A5CE,2,
menu_0FE96D,Truong Ho,A7F2A557,2,
menu_0FE973,Truong Dich,A7F2A4B0,2,
menu_0FE97F,Truong Mieu,A7F2A648,2,
menu_0FE9A7,Truong Ky,A7F2A5AF,2,
menu_0FE9CB,Truong Cung,A7F2A489,2,
menu_0FE9D1,Truong Hoa,A7F2A559,2,
menu_0FE9FB,Tao Phi,A768A6CA,2,
menu_0FEA01,Tao Tu,A768A7F5,2,
menu_0FEA0F,Tao Vu,A768A86B,2,
menu_0FEA17,Quan Binh,A6DCA3E8,2,
menu_0FEA1D,[loi extract],5BA5D9A4D85D,2,
menu_0FEA3F,[loi extract],5BA5D9A4D85D,2,
menu_0FEA57,Tao Chan,A768A44C,2,
menu_0FEA7B,Tao Chi,A768A458,2,
menu_0FEA81,Tao Chuong,A768A47A,2,
menu_0FEAAF,Tao Due,A768A4CB,2,
menu_0FEACF,Vu Quynh,A86BA6E9,2,
menu_0FEAD5,Vu Tu,A86BA7F5,2,
menu_0FEAFF,Dien Vi,A4B3A85A,2,
menu_0FEB05,[loi extract],5BA5D9A4D85D,2,
menu_0FEB13,Quach Do,A6DBA4BA,2,
menu_0FEB27,Tuong Uy,A7FDA84A,2,
menu_0FEB2D,[loi extract],5BA5D9A4D85D,2,
menu_0FEB57,[loi extract],5BA5D9A4D85D,2,
menu_0FEB6F,Tran Cong,A7D6A483,2,
menu_0FEB7D,Tran Cuu,A7D6A492,2,
menu_0FEB8B,[loi extract],5BA5D9A4D85D,2,
menu_0FEB9F,[loi extract],5BA5D9A4D85D,2,
menu_0FEBAF,Tran Co,A7D6A480,2,
menu_0FEBBF,Tran Uong,A7D6A848,2,
menu_0FEBCB,[loi extract],5BA5D9A4D85D,2,
menu_0FEBDB,Tran Dang,A7D6A49D,2,
menu_0FEBE1,Gia Cat Khac,A4E5A443A586,3,
menu_0FEBE8,Lu Ton,A5DDA7CA,2,
menu_0FEBED,Lu Khang,A5DDA58C,2,
menu_0FEBF3,Lu Tong,A5DDA7CC,2,
menu_0FEBF9,Tang Hoi,A766A563,2,
menu_0FEC07,Dau Khiem,A4A5A593,2,
menu_0FEC1B,Phuc Tan,A6D3A764,2,
menu_0FEC29,Phung Nhuan,A6D5A6A1,2,
menu_0FEC3B,Truong Tong,A7F2A7CC,2,
menu_0FEC41,[loi extract],5BA5D9A4D85D,2,
menu_0FEC4F,Mang Lai dong chu,A5F6A5B5A4C3A471,4,
menu_0FEC6D,[loi extract],5BA5D9A4D85D,2,
menu_0FEC7F,Trinh Vien Chi,A7E4A85FA458,3,
menu_0FEC8B,Trinh Dong,A7E4A4C2,2,
menu_0FEC97,[loi extract],5BA5D9A4D85D,2,
menu_0FEC9F,Thanh Pho,A781A6CD,2,
menu_0FECA5,[loi extract],5BA5D9A4D85D,2,
menu_0FECBB,Than Dam,A77CA499,2,
menu_0FECC3,[loi extract],5BA5D9A4D85D,2,
menu_0FECE7,Hoang Gai,A560A4DB,2,
menu_0FED07,Hoang Quyen,A560A6E5,2,
menu_0FED37,Viet Cat Nguyen soai,A861A443A68AA74E,4,
menu_0FED5F,Duong Tu,A4D2A7F5,2,
menu_0FED77,Dong Uy,A4C2A84A,2,
menu_0FED7D,[loi extract],5BA5D9A4D85D,2,
menu_0FED8D,Tang Tung,A766A7FC,2,
menu_0FED9F,[loi extract],5BA5D9A4D85D,2,
menu_0FEDA7,[loi extract],5BA5D9A4D85D,2,
menu_0FEDAF,[loi extract],5BA5D9A4D85D,2,
menu_0FEDB7,Tuong Quan,A7FDA6DC,2,
menu_0FEDBF,Dong Trac,A4C2A7D1,2,
menu_0FEDDB,Dong Uy,A4C2A84A,2,
menu_0FEDE1,[loi extract],5BA5D9A4D85D,2,
menu_0FEDEB,[loi extract],5BA5D9A4D85D,2,
menu_0FEDFB,Han Toai,A543A7C4,2,
menu_0FEE0B,[loi extract],5BA5D9A4D85D,2,
menu_0FEE11,Vuong Lang,A870A5BB,2,
menu_0FEE17,[loi extract],5BA5D9A4D85D,2,
menu_0FEE23,[loi extract],5BA5D9A4D85D,2,
menu_0FEE4B,[loi extract],5BA5D9A4D85D,2,
menu_0FEE67,Lieu Hoa,A5CEA559,2,
menu_0FEE87,Lu Khang,A5DDA58C,2,
menu_0FEEA0,Trieu Van,A7E2A850,2,
menu_0FEEC7,Luu Vinh,A5E9A862,2,
menu_0FEED5,[loi extract],5BA5D9A4D85D,2,
menu_0FEEFF,Luu Bi,A5E9A3DE,2,
menu_0FEF13,Luu Ky,A5E9A5AF,2,
menu_0FEF23,[loi extract],5BA5D9A4D85D,2,
menu_0FEF29,Mau Thach,A5FEA777,2,
menu_0FEF2F,Duong Nghi,A4D2A673,2,
menu_0FEF35,[loi extract],5BA5D9A4D85D,2,
menu_0FEF3B,Luu Thien,A5E9A790,2,
menu_0FEF4F,Luu Phuc,A5E9A6D3,2,
menu_0FEF61,Khong Dung,A5A0A4CD,2,
menu_0FEF75,[loi extract],5BA5D9A4D85D,2,
menu_0FEF87,Khoai Luong,A599A5E7,2,
menu_0FEFAB,[loi extract],5BA5D9A4D85D,2,
menu_0FEFB3,[loi extract],5BA5D9A4D85D,2,
menu_0FEFD1,[loi extract],5BA5D9A4D85D,2,
menu_0FEFF3,Tran Ung,A7D6A844,2,
menu_0FEFFC,Luu Ba,A5E9A3CC,2,
name_0FC010,[loi extract],5BA5D9A4D85D,2,
name_0FC018,[loi extract],5BA5D9A4D85D,2,
name_0FC028,Thuan Vu,A7A2A86B,2,
name_0FC040,Ha Hu Xuong,A4FBA56CA88C,3,
name_0FC050,Tu Kinh,A7F5A5AD,2,
name_0FC058,Hu Chu,A56CA470,2,
name_0FC078,Phung Ky,A6D5A5AF,2,
name_0FC080,Quach Phien,A6DBA6CB,2,
name_0FC098,Quach Hoai,A6DBA55D,2,
name_0FC0A0,Quach Gia,A6DBA4E5,2,
name_0FC0C8,[loi extract],5BA5D9A4D85D,2,
name_0FC0F0,Tran Cuu,A7D6A492,2,
name_0FC100,Tran Dang,A7D6A49D,2,
name_0FC108,Tran Quan,A7D6A6DC,2,
name_0FC128,Tran Kieu,A7D6A5AB,2,
name_0FC130,Tran Lan,A7D6A5B9,2,
name_0FC148,Tran Kien,A7D6A5A8,2,
name_0FC150,Luc Kang,A5E1A580,2,
name_0FC178,[loi extract],5BA5D9A4D85D,2,
name_0FC1A0,Pho Dam,A6CDA499,2,
name_0FC1B0,Hoa Tan,A559A764,2,
name_0FC1B8,Hoa Giac,A559A4E7,2,
name_0FC1D8,Dong chu,A4C2A471,2,
name_0FC1E0,Kham Hung,A58AA572,2,
name_0FC1F8,Tiep Binh,A7B8A3E8,2,
name_0FC200,Trinh Vien Chi,A7E4A85FA458,3,
name_0FC250,Phi Y,A6CAA88E,2,
name_0FC260,Hoang Trung,A560A7EF,2,
name_0FC268,Hoang To,A560A7C3,2,
name_0FC288,Hoang Hao,A560A548,2,
name_0FC290,Hoang Thieu,A560A794,2,
name_0FC2A8,Phung Tap,A6D5A76A,2,
name_0FC2D0,Nha Dan thua tuong,A68DA49BA7A1A7FE,4,
name_0FC2D8,Pho Viet Cat,A6CDA861A443,3,
name_0FC300,Duong Tong,A4D2A7CC,2,
name_0FC310,Duong Bach,A4D2A3D0,2,
name_0FC318,Duong Hung,A4D2A572,2,
name_0FC338,Duong Mat,A4D2A5FC,2,
name_0FC340,Duong Bieu,A4D2A3E5,2,
name_0FC358,Duong Xau,A4D2A877,2,
name_0FC370,Duong dai tuong,A4D2A498A7FE,3,
name_0FC388,Duong Han,A4D2A543,2,
name_0FC3B0,Dong Chieu,A4C2A45F,2,
name_0FC3C0,Dong Hoang,A4C2A560,2,
name_0FC3C8,Dong Hang,A4C2A545,2,
name_0FC3E8,Dong Hi,A4C2A550,2,
name_0FC3F0,Dong Quyet,A4C2A6E7,2,
name_0FC408,Gia Khoi,A4E5A59E,2,
name_0FC420,Gia Sung,A4E5A75A,2,
name_0FC438,Ung Khai,A844A588,2,
name_0FC470,Cat Ung,A443A844,2,
name_0FC478,Lieu Hoa,A5CEA559,2,
name_0FC498,Trieu Sam,A7E2A6FB,2,
name_0FC4A0,Trieu Ngoang,A7E2A67D,2,
name_0FC4B8,Trieu Van,A7E2A850,2,
name_0FC4D0,Trieu Khu,A7E2A5A2,2,
name_0FC4E8,Trieu Hung,A7E2A572,2,
name_0FC520,Luu Vinh,A5E9A862,2,
name_0FC528,Luu Tien,A5E9A7B5,2,
name_0FC548,Luu Phong,A5E9A6CF,2,
name_0FC550,Luu Do,A5E9A4BA,2,
name_0FC568,Luu Ly,A5E9A5EC,2,
name_0FC580,Luu Ky,A5E9A5AF,2,
name_0FC598,Luu Ban,A5E9A3D2,2,
name_0FC5D0,Luu Tuan,A5E9A7F7,2,
name_0FC5D8,Luu Tong,A5E9A7CC,2,
name_0FC5F8,Luu Dam,A5E9A499,2,
name_0FC600,Luu Thieu,A5E9A794,2,
name_0FC618,Khoai Luong,A599A5E7,2,
name_0FC630,Chung Tap,A477A76A,2,
name_0FC638,Boi Nguyen Thieu,A3ECA68AA794,3,
name_0FC648,Trach Nguyen,A7D2A68A,2,
name_0FC680,Lac Tan,A5B3A764,2,
name_0FC688,Lac Lam,A5B3A5B7,2,
name_0FC6A8,Tuong Ky,A7FDA5AF,2,
name_0FC6B0,Tuong Kham,A7FDA58A,2,
name_0FC6C8,Tuong Can,A7FDA3FC,2,
name_0FC6E0,Thai Trung,A778A7EF,2,
name_0FC6F8,Thai Duong,A778A4D2,2,
name_0FC750,Gia Cat Thuong,A4E5A443A7AB,3,
name_0FC758,Gia Cat Canh,A4E5A443A3FE,3,
name_0FC760,Trinh Do,A7E4A4BA,2,
name_0FC778,Trinh Van,A7E4A850,2,
name_0FC790,Dang Nghia,A49DA675,2,
name_0FC7A8,Dang Mao,A49DA5FA,2,
name_0FC800,Diem Tuong,A4B2A7FD,2,
name_0FC808,Hoac Quan,A55BA6DC,2,
name_0FC810,Lac Thong,A5B3A79C,2,
name_0FC828,Bao Long,A3D6A5DB,2,
name_0FC840,Lo Ton,A5D2A7CA,2,
name_0FC858,Kien Thac,A5A8A776,2,
name_0FC8B0,Chung Tan,A477A764,2,
name_0FC8B8,Chung Hoi,A477A563,2,
name_0FC8C0,Chung Dao,A477A4A1,2,
name_0FC8D8,Ung Thieu,A844A794,2,
name_0FC8F0,Han Dan,A543A49B,2,
name_0FC908,Han Cu Tu,A543A486A7F5,3,
name_0FC960,Han Anh,A543A3C9,2,
name_0FC968,Han Giao,A543A4EC,2,
name_0FC970,Han Quynh,A543A6E9,2,
name_0FC988,Nhan Luong,A692A5E7,2,
name_0FC9A0,Quan Binh,A6DCA3E8,2,
name_0FC9B8,Quan Thuan,A6DCA7A2,2,
name_0FCA10,Bang Hoi,A3D4A563,2,
name_0FCA18,Nghiem Bach Ho,A677A3D0A557,3,
name_0FCA20,Nghiem Cuong,A677A48F,2,
name_0FCA38,Nghiem Quan,A677A6DC,2,
name_0FCA50,To Phi,A7C3A6CA,2,
name_0FCA68,Dang Quan,A49DA6DC,2,
name_0FCB50,[loi extract],5BA5D9A4D85D,2,
name_0FCBC8,[loi extract],5BA5D9A4D85D,2,
name_0FCC70,[loi extract],5BA5D9A4D85D,2,
name_0FCCA0,De nhat,A4A9A697,2,
name_0FCCA8,Tru anh hao Hoang Can,A7EBA3CAA549A560A3FC,5,
name_0FCCB0,Thu linh lap cong,A79EA5D1A5C0A484,4,
name_0FCCB8,Tay Nguyen,A76FA68A,2,
name_0FCCC8,Phe Han trieu,A6C8A543A7E3,3,
name_0FCCD0,De Tran Luu,A4A9A7D6A5E9,3,
name_0FCCF0,Tao Cong Ton,A768A483A7CA,3,
name_0FCCF8,Nhuong Xu Chau,A6A5A884A451,3,
name_0FCD10,Chien quan,A45DA6DD,2,
name_0FCD18,Do Ben Chu bai tran,A4BAA3DBA470A3D1A7D7,5,
name_0FCD38,Dinh tam phan thien ha,A4B8A763A6C3A791A4FC,5,
name_0FCD40,Quyet sach Long Trung,A6E7A6F8A5DBA7EF,4,
name_0FCD58,Quan Van,A6DCA850,2,
name_0FCD60,Thuy tac That quan,A7ADA75FA785A6DD,4,
name_0FCD68,That quan,A785A6DD,2,
name_0FCD80,Ngu Truong Nguyen,A681A7F2A68A,3,
name_0FCD88,Gia Cat tuong sao,A4E5A443A7FEA740,4,
name_0FCDC0,Nam Bi,A65FA3DE,2,
name_0FCDE0,Phuc Duong,A6D3A4D2,2,
name_0FCDE8,Tran Luu,A7D6A5E9,2,
name_0FCDF0,Lac Duong,A5B3A4D2,2,
name_0FCDF8,Hong Nong,A569A6AD,2,
name_0FCE08,An Dinh,A3C7A4B8,2,
name_0FCE18,Tay Luong,A76FA5E7,2,
name_0FCED8,Thanh Do,A781A4BA,2,
name_0FCEF0,Kien Ninh,A5A8A6A9,2,
name_0FCF28,Dong phong thoi,A4C2A6D0A79B,3,
name_0FCF30,Chien co loi vang,A45DA481A5D9A853,4,
name_0FCF38,Tam Quoc Chi,A762A6E1A458,3,
name_0FCF40,Phong van lai,A6CFA851A5B6,3,
name_0FCF58,Cai dat du lieu,A3F9A4A4A4C7A5CF,4,
name_0FD038,He vui ve,A54EA86FA859,3,
name_0FD080,Quan chu moi,A6DCA471A64F,3,
name_0FD0A8,Chon nhan vat,A46BA693A856,3,
name_0FD0B0,Quan chu moi,A6DCA471A64F,3,
name_0FD0C8,Cap do,A441A4BB,2,
name_0FD0D8,Vu khi dang co,A86BA591A49EA481,4,
name_0FD110,Hay chon,A54CA46C,2,
name_0FD118,Quan chu so huu,A6DCA471A74DA578,4,
name_0FD120,Vo tuong thuoc,A864A7FEA7AA,3,
name_0FD138,Chon quan chu,A46BA6DDA471,3,
name_0FD140,Quan chu xuat hien,A6DCA471A888A553,4,
name_0FD170,Hien tai,A552A761,2,
name_0FD1A8,Cam vu khi,A3FAA86CA591,3,
name_0FD1C8,Quyet dinh,A6E7A4B9,2,
name_0FD1D0,[loi extract],5BA5D9A4D85D,2,
name_0FD1F0,Vo luc,A864A5E2,2,
name_0FD210,Thong nguc,A79CA685,2,
name_0FD290,Ngoai giao,A67CA4ED,2,
name_0FD2B0,Nhan duc,A692A4CA,2,
name_0FD2E0,Si binh,A749A3E9,2,
name_0FD330,Da co xay dung,A494A481A878A4CE,4,
name_0FD338,Ten vo tuong moi,A773A865A7FEA64F,4,
name_0FD368,Xoa,A880,1,
name_0FD3C0,Muoi mot,A659A654,2,
name_0FD408,Bat dau thuc hien,A3D8A4A6A7A6A553,4,
name_0FD410,Lenh thang nay,A5C6A780A666,3,
name_0FD418,Chinh lenh,A463A5C7,2,
name_0FD428,Quan chu khong o day,A6DCA471A5A1A6B6A4A8,5,
name_0FD430,Trong quan huyen,A7E9A6DDA57B,3,
name_0FD438,Am thanh,A3C5A782,2,
name_0FD440,Mo,A64B,1,
name_0FD448,Tat am thanh,A76CA3C6A782,3,
name_0FD450,Nhac,A68F,1,
name_0FD460,Tat nhac,A76CA690,2,
name_0FD470,Nghi de di xa hon,A673A4AAA4AFA873A568,5,
name_0FD478,Di duong xa hon,A4AEA4D3A873A568,4,
name_0FD480,Xac nhan,A874A693,2,
name_0FD488,Ket thuc game,A583A7A6A4DD,3,
name_0FD4B8,Ra lenh,A6EAA5C7,2,
name_0FD4F0,Hay chon,A54CA46C,2,
name_0FD4F8,Chon file luu,A46BA4D9A5EA,3,
name_0FD500,Vi tri,A85AA7E0,2,
name_0FD508,Vi tri nay,A85AA7E0A666,3,
name_0FD510,Da co du lieu,A494A481A4C7A5CF,4,
name_0FD518,Du lieu,A4C6A5CF,2,
name_0FD520,Ghi de file cu,A4E2A4AAA4D9A487,4,
name_0FD528,Tap tin,A76AA7C0,2,
name_0FD548,Vui long doi,A86EA5DCA4BF,3,
name_0FD550,Dang luu du lieu,A49DA5EAA4C7A5CF,4,
name_0FD558,Dang ghi,A49DA4E3,2,
name_0FD568,Luu xong,A5E9A883,2,
name_0FD570,Nhan phim,A692A6CC,2,
name_0FD578,Tiep tuc,A7B8A7F9,2,
name_0FD5A8,Chon file,A46BA4D9,2,
name_0FD5B0,So hieu,A74CA555,2,
name_0FD5C0,Dang tai file,A49DA761A4D9,3,
name_0FD5C8,Dang nap,A49DA664,2,
name_0FD5D0,Tai vao,A760A854,2,
name_0FD5D8,Hoan tat,A55EA76D,2,
name_0FD5E0,Nhan phim tiep,A692A6CCA7B9,3,
name_0FD5F0,Hay chon,A54CA46C,2,
name_0FD608,[loi extract],5BA5D9A4D85D,2,
name_0FD660,Xe tu ma,A879A7F6A5F0,3,
name_0FD698,Thong nguc tang,A79CA685A767,3,
name_0FD6A0,Tang len,A766A5C5,2,
name_0FD6A8,Binh phap tang,A3E8A6C5A767,3,
name_0FD6B8,Nhan duc tang,A692A4CAA767,3,
name_0FD748,Chinh tri tang,A463A7E0A767,3,
name_0FD7C8,Ngoai giao tang,A67CA4EDA767,3,
name_0FD860,Dau hang,A4A5A546,2,
name_0FD880,Xac nhan thuc hien,A874A693A7A6A553,4,
name_0FD9C0,Tam Quoc Dien Nghia,A762A6E1A4B3A675,4,
name_0FD9F0,Quan do duoc uy,A6DCA4BBA4D0A84B,4,
name_0FD9F8,May tinh bo nhiem,A641A7C2A3EBA69A,4,
name_0FDA18,Lenh,A5C6,1,
name_0FDA90,Tu binh,A7F5A3E9,2,
name_0FDA98,Bi thuong,A3DEA7AC,2,
name_0FDAA0,Bi benh,A3DEA3DD,2,
name_0FDAA8,Dang phuc vu,A49DA6D4A86C,3,
name_0FDB38,Vu khi,A86BA591,2,
name_0FDB78,So binh,A74CA3E9,2,
name_0FDBF8,Ke vi lon,A581A85BA5DA,3,
name_0FDC08,Quan chu,A6DCA471,2,
name_0FDC40,Ke vi quan chu,A581A85BA6DDA471,4,
name_0FDC78,Khong ai ke vi,A5A0A3C4A582A85B,4,
name_0FDC98,Thong nhat,A79CA697,2,
name_0FDCA0,Dai nghiep thanh,A497A679A782,3,
name_0FDCA8,Giac mong dai,A4E7A652A498,3,
name_0FDCB0,Game ket thuc,A4DCA584A7A6,3,
name_0FDCD0,Chay ve quan,A453A859A6DD,3,
name_0FDCD8,Kinh thanh,A5ADA782,2,
name_0FDCF8,Chay ve kinh,A453A859A5AE,3,
name_0FDD20,Thua Uyen,A7A0A84C,2,
name_0FDD40,Kinh Le,A5ADA5C3,2,
name_0FDD60,Ngoc Dot,A67EA4C4,2,
name_0FDD78,Tu Phuc,A7F5A6D3,2,
name_0FDDB0,[loi extract],5BA5D9A4D85D,2,
name_0FDDD0,Lu Chi,A5DDA458,2,
name_0FDE10,Vuong Can,A870A3FC,2,
name_0FDE38,Cam Thao,A3FAA783,2,
name_0FDE68,Khong Thuc,A5A0A7A5,2,
name_0FDE80,Cam Hoan,A3FAA55E,2,
name_0FDED8,Cung Hy,A489A57C,2,
name_0FDF00,[loi extract],5BA5D9A4D85D,2,
name_0FDF48,Gia Khong,A4E5A5A0,2,
name_0FDF60,Khong Nhung,A5A0A6A3,2,
name_0FDF70,Tu Lam,A7F5A5B7,2,
name_0FDF88,Doc Loc,A4BDA5D7,2,
name_0FDFC0,Tu Ma Lang,A7F5A5EFA5BB,3,
name_0FDFD0,Tu Ma Y,A7F5A5EFA88E,3,
name_0FDFD8,Tu Ma Phu,A7F5A5EFA6D1,3,
name_0FDFE0,Lu Nong,A5DDA6AD,2,
name_0FB017,Ton Tu binh phap,A7CAA7F5A3E9A6C5,4,
name_0FB021,Man Duc tan thu,A5F4A4C9A765A79F,4,
name_0FB02F,[loi extract],5BA5D9A4D85D,2,
name_0FB039,Ky Mon dun giap thien thu,A5AFA650A4CCA4EEA791A79F,6,
name_0FB049,Tuong dun giap thien thu,A7FDA4CCA4EEA791A79F,5,
name_0FB055,Nu thanh nang thu,A6AEA782A662A79F,4,
name_0FB05F,Ta benh luan,A75CA3DDA5E0,3,
name_0FB06B,Xich Tho,A87CA797,2,
name_0FB073,De Lu,A4A9A5DD,2,
name_0FB07B,[loi extract],5BA5D9A4D85D,2,
name_0FB085,[loi extract],5BA5D9A4D85D,2,
name_0FB08F,O Ma,A6B5A5EF,2,
name_0FB097,Xich Tho cuon mao,A87CA797A48EA5FB,4,
name_0FB0A3,Hoang bieu ma,A560A3E6A5F0,3,
name_0FB0AB,[loi extract],5BA5D9A4D85D,2,
name_0FB0B4,Dao lon,A4A1A5DA,2,
name_0FB0BB,Dao khan lon,A4A1A58BA5DA,3,
name_0FB0C3,Tam thien dao,A762A791A4A2,3,
name_0FB0CB,Nhat nguyet dao,A696A68CA4A2,3,
name_0FB0D3,Cat dau dao lon,A443A4A6A4A2A5DA,4,
name_0FB0DD,Tinh bao dao,A7C1A3D7A4A2,3,
name_0FB0E9,Tam thien luong nhan dao,A762A791A5E8A693A4A2,5,
name_0FB0F7,Thanh Cuong,A781A48F,2,
name_0FB0FF,[loi extract],5BA5D9A4D85D,2,
name_0FB107,Song cot kiem,A752A485A5A7,3,
name_0FB10F,Thiet bien,A792A3E2,2,
name_0FB117,Q.Long yen nguyet dao,A6D92EA5DBA891A68CA4A2,5,
name_0FB129,Son dai phu,A751A498A6D2,3,
name_0FB135,[loi extract],5BA5D9A4D85D,2,
name_0FB13F,Thiet chuy,A792A47C,2,
name_0FB14F,Thiet tich le co do,A792A7B4A5C4A481A4BB,5,
name_0FB15B,Thiet thuong,A792A7AC,2,
name_0FB164,Hoa Ke,A559A581,2,
name_0FB16B,Song thiet ke,A752A793A582,3,
name_0FB173,Phuong Thien Ke,A6D6A790A581,3,
name_0FB183,Truong Bat Mao,A7F2A3D8A5FA,3,
name_0FB18D,Xa mao,A872A5FB,2,
name_0FB199,Phi xa,A6CAA873,2,
name_0FB1A1,Ngoc ty,A67EA843,2,
name_0FB1A9,Dinh Nguyen,A4B8A68A,2,
name_0FB1B1,[loi extract],5BA5D9A4D85D,2,
name_0FB1B9,[loi extract],5BA5D9A4D85D,2,
name_0FB1C1,Dinh Nghi,A4B8A673,2,
name_0FB1C9,Dinh Tu,A4B8A7F5,2,
name_0FB1D9,[loi extract],5BA5D9A4D85D,2,
name_0FB1E1,Vu Toan,A86BA7C5,2,
name_0FB1E9,[loi extract],5BA5D9A4D85D,2,
name_0FB201,Tu Phuc,A7F5A6D3,2,
name_0FB20B,Vuong Ung,A870A844,2,
name_0FB214,Vuong Phuong,A870A6D6,2,
name_0FB21B,Vuong Binh,A870A3E8,2,
name_0FB223,Vuong Khang,A870A58C,2,
name_0FB229,Vuong Khoang,A870A59C,2,
name_0FB233,Vuong Phu,A870A6D1,2,
name_0FB239,Vuong Trung,A870A7EF,2,
name_0FB241,Vuong Xuong,A870A88C,2,
name_0FB249,Vuong Tac,A870A75E,2,
name_0FB251,Vuong Cau,A870A444,2,
name_0FB259,Vuong Uy,A870A84A,2,
name_0FB271,Vuong Co,A870A480,2,
name_0FB279,Vuong Loi,A870A5D8,2,
name_0FB291,Vuong Song,A870A752,2,
name_0FB2B1,Vuong Tat,A870A76C,2,
name_0FB2BB,Vuong Lien,A870A5CB,2,
name_0FB2C4,Vuong Suong,A870A75B,2,
name_0FB2CB,Vuong Tuc,A870A7F8,2,
name_0FB2D3,Vuong Kinh,A870A5AD,2,
name_0FB2D9,Vuong Quan,A870A6DC,2,
name_0FB2E3,Vuong Chan,A870A44C,2,
name_0FB2E9,Vuong Ham,A870A542,2,
name_0FB2F1,Vuong Hy,A870A57C,2,
name_0FB2F9,Vuong Huong,A870A574,2,
name_0FB301,Vuong Hon,A870A567,2,
name_0FB309,Vuong Nhung,A870A6A3,2,
name_0FB311,[loi extract],5BA5D9A4D85D,2,
name_0FB31B,[loi extract],5BA5D9A4D85D,2,
name_0FB323,Cong Ton Tu,A483A7CAA7F5,3,
name_0FB32B,Cong Ton Cung,A483A7CAA489,3,
name_0FB333,[loi extract],5BA5D9A4D85D,2,
name_0FB33B,[loi extract],5BA5D9A4D85D,2,
name_0FB343,[loi extract],5BA5D9A4D85D,2,
name_0FB353,[loi extract],5BA5D9A4D85D,2,
name_0FB361,Van Binh,A850A3E8,2,
name_0FB36B,Van Xau,A850A877,2,
name_0FB374,Bien Hi,A3E1A550,2,
name_0FB37B,Vo Khu Kiem,A864A5A2A5A6,3,
name_0FB383,Vo Khu Dien,A864A5A2A4B3,3,
name_0FB38B,Mao Gioi,A5FAA4F1,2,
name_0FB393,Thai Su Tu,A778A755A7F5,3,
name_0FB3A1,Khong Uu,A5A0A849,2,
name_0FB3A9,Khong Tu,A5A0A7F5,2,
name_0FB3B1,Phuong Duyet,A6D6A4D5,2,
name_0FB3B9,Doan Phung,A4BCA6D5,2,
name_0FB3D3,Doan Mac,A4BCA5F1,2,
name_0FB3DB,Doan Le,A4BCA5C3,2,
name_0FB3E3,[loi extract],5BA5D9A4D85D,2,
name_0FB3EB,[loi extract],5BA5D9A4D85D,2,
name_0FB3F5,Tu Ma Viem,A7F5A5EFA85E,3,
name_0FB3FF,Tu Ma Chieu,A7F5A5EFA45F,3,
name_0FB407,Tu Ma Su,A7F5A5EFA755,3,
name_0FB40F,Tu Ma Lang,A7F5A5EFA5BB,3,
name_0FB417,Tu Ma Y,A7F5A5EFA88E,3,
name_0FB420,Tu Ma Phu,A7F5A5EFA6D1,3,
name_0FB427,Tu Ma Vong,A7F5A5EFA869,3,
name_0FB42F,Tu Ma Du,A7F5A5EFA4C6,3,
name_0FB437,Tu Ma Dien,A7F5A5EFA4B3,3,
name_0FB43F,Su Hoan,A755A55E,2,
name_0FB44D,Ta Linh,A75CA5D0,2,
name_0FB455,Ta Ham,A75CA542,2,
name_0FB45D,Cam Ninh,A3FAA6A9,2,
name_0FB465,Dien Chuong,A4B3A47A,2,
name_0FB47F,Dien Tuc,A4B3A7F8,2,
name_0FB487,Dien Khai,A4B3A588,2,
name_0FB49D,Cau An,A444A3C7,2,
name_0FB4A5,Thach Bao,A777A3D6,2,
name_0FB4AD,Khu Kien,A5A2A5A8,2,
name_0FB4B5,Y Te,A88EA771,2,
name_0FB4BD,Ngu Tap,A681A76A,2,
name_0FB4C5,Ngu Quynh,A681A6E9,2,
name_0FB4D0,Ngu Diem,A681A4B2,2,
name_0FB4D7,Nham Tuan,A691A7F7,2,
name_0FB4DF,Toan Tong,A7C5A7CC,2,
name_0FB4E7,Toan Dich,A7C5A4B0,2,
name_0FB4EF,Toan Doan,A7C5A4BC,2,
name_0FB4FD,Toan Ky,A7C5A5AF,2,
name_0FB505,Huong Lang,A574A5BB,2,
name_0FB50D,Huong Sung,A574A75A,2,
name_0FB515,Thanh Nghi,A781A673,2,
name_0FB51D,[loi extract],5BA5D9A4D85D,2,
name_0FB52F,Thanh Te,A781A771,2,
name_0FB537,Chu Quang,A470A6DE,2,
name_0FB53F,[loi extract],5BA5D9A4D85D,2,
name_0FB54D,Chu Nhien,A470A69B,2,
name_0FB555,Chu Tuan,A470A7F7,2,
name_0FB55D,Chu Bao,A470A3D6,2,
name_0FB565,Chu Linh,A470A5D0,2,
name_0FB56D,Chu Tan,A470A764,2,
name_0FB575,Chu Di,A470A4AE,2,
name_0FB580,Duong Ho,A4D2A557,2,
name_0FB587,Cat Thai,A443A778,2,
name_0FB58F,Cat Dieu,A443A4B6,2,
name_0FB597,Cat Mac,A443A5F1,2,
name_0FB59F,Vuong Chieu,A870A45F,2,
name_0FB5AD,Mang Nha Truong,A5F6A68DA7F2,3,
name_0FB5B7,[loi extract],5BA5D9A4D85D,2,
name_0FB5BD,Ha Nghi,A4FBA673,2,
name_0FB5C5,Ha Man,A4FBA5F4,2,
name_0FB5DF,Ha Tang,A4FBA766,2,
name_0FB5E7,Lanh Bao,A5BDA3D6,2,
name_0FB5F7,Tu Lan,A7F5A5B9,2,
name_0FB605,Ngo Don,A67AA4C0,2,
name_0FB60D,Ngo Canh,A67AA3FE,2,
name_0FB615,Ngo Thac,A67AA776,2,
name_0FB61D,Ngo Chat,A67AA44F,2,
name_0FB625,Ngo Lan,A67AA5B9,2,
name_0FB630,Ngo Nghi,A67AA673,2,
name_0FB637,Ngo Sam,A67AA6FB,2,
name_0FB63F,Ngo Cuong,A67AA48F,2,
name_0FB647,Lu Bo,A5DDA3EA,2,
name_0FB64F,Lu Cong,A5DDA483,2,
name_0FB657,Uy Hoang,A84AA560,2,
name_0FB66D,Lu Thuong,A5DDA7AB,2,
name_0FB675,Lu Khai,A5DDA588,2,
name_0FB67D,[loi extract],5BA5D9A4D85D,2,
name_0FB68F,Lu Mong,A5DDA651,2,
name_0FB697,Lu Pham,A5DDA6C0,2,
name_0FB6B5,Tong Trung,A7CCA7EF,2,
name_0FB6BD,Tong Qua,A7CCA6DA,2,
name_0FB6C5,Tong Hien,A7CCA552,2,
name_0FB6CD,Tong Khiem,A7CCA593,2,
name_0FB6D5,Tong Bao,A7CCA3D6,2,
name_0FB6E0,Sam Hon,A6FBA567,2,
name_0FB6E7,Sam Bich,A6FBA3E0,2,
name_0FB6EF,Sam Uy,A6FBA84A,2,
name_0FB6F7,Ly Biet,A5ECA3E3,2,
name_0FB6FF,Ly Phu,A5ECA6D1,2,
name_0FB71D,Ly Khu,A5ECA5A2,2,
name_0FB725,Ly Di,A5ECA4AE,2,
name_0FB72D,[loi extract],5BA5D9A4D85D,2,
name_0FB73F,Ly Tuc,A5ECA7F8,2,
name_0FB747,Ly Mong,A5ECA651,2,
name_0FB765,Ly Phong,A5ECA6CF,2,
name_0FB76D,Ly Nghiem,A5ECA677,2,
name_0FB775,Ly Thoat,A5ECA799,2,
name_0FB77D,Ly Phuc,A5ECA6D3,2,
name_0FB785,Ly Pho,A5ECA6CD,2,
name_0FB790,Ly Thang,A5ECA77E,2,
name_0FB797,Ly Ham,A5ECA542,2,
name_0FB79F,Ly Bang,A5ECA3D4,2,
name_0FB7A7,Do Tap,A4BAA76A,2,
name_0FB7AF,Do Du,A4BAA4C6,2,
name_0FB7C7,Ma Kha,A5EFA585,2,
name_0FB7CF,Tham Ung,A77AA844,2,
name_0FB7D5,Xa Cau,A872A444,2,
name_0FB7EF,Tan Ty,A764A842,2,
name_0FB7F7,Tan Thuong,A764A7AB,2,
name_0FB7FF,[loi extract],5BA5D9A4D85D,2,
name_0FB807,[loi extract],5BA5D9A4D85D,2,
name_0FB815,Doc Loc dai vuong,A4BDA5D7A498A871,4,
name_0FB821,Dien Vi,A4B3A85A,2,
name_0FB829,Dien Man,A4B3A5F4,2,
name_0FB831,[loi extract],5BA5D9A4D85D,2,
name_0FB83C,Ti Vien,A7B1A85F,2,
name_0FB843,Hoa Hiep,A559A554,2,
name_0FB84B,Chu Tan,A470A764,2,
name_0FB853,Chu Thuong,A470A7AB,2,
name_0FB85B,Chu Thai,A470A778,2,
name_0FB87B,Chu Quan,A470A6DC,2,
name_0FB881,Chu Binh,A470A3E8,2,
name_0FB889,[loi extract],5BA5D9A4D85D,2,
name_0FB89B,Man Dam,A5F4A499,2,
name_0FB8A3,Man Dat,A5F4A4A3,2,
name_0FB8C1,Thuong Cuu,A7ABA492,2,
name_0FB8C9,Vo An Quoc,A864A3C7A6E1,3,
name_0FB8E1,Tu Hoac,A7F5A55B,2,
name_0FB8EC,Kim Tuyen,A5ACA841,2,
name_0FB8F3,Kim Hoan tam ket,A5ACA55EA763A584,4,
name_0FB8FD,[loi extract],5BA5D9A4D85D,2,
name_0FB905,[loi extract],5BA5D9A4D85D,2,
name_0FB915,[loi extract],5BA5D9A4D85D,2,
name_0FB91D,[loi extract],5BA5D9A4D85D,2,
name_0FB925,[loi extract],5BA5D9A4D85D,2,
name_0FB92B,Tong Du,A7CCA4C6,2,
name_0FB931,Cuong Vuong Mi,A48FA870A644,3,
name_0FB94B,Phong Tien,A6CFA7B5,2,
name_0FB953,Hau Lam,A54AA5B7,2,
name_0FB971,Khuong Duy,A5A4A4D4,2,
name_0FB979,Lieu Phu,A5CEA6D1,2,
name_0FB983,[loi extract],5BA5D9A4D85D,2,
name_0FB993,Ky Linh,A5AFA5D0,2,
name_0FB99C,Ho Tai,A557A760,2,
name_0FB9A3,Ho Xich Nhi,A557A87CA699,3,
name_0FB9AB,Xa Nhi,A872A699,2,
name_0FB9C1,Ho Ton,A557A7CA,2,
name_0FB9C9,Ho Liet,A557A5CD,2,
name_0FB9D1,Ho Uyen,A557A84C,2,
name_0FB9DB,Ho Phan,A557A6C2,2,
name_0FB9E1,Pham Cuong,A6C0A48F,2,
name_0FB9F3,[loi extract],5BA5D9A4D85D,2,
name_0FB9FD,[loi extract],5BA5D9A4D85D,2,
name_0FBA05,[loi extract],5BA5D9A4D85D,2,
name_0FBA0D,[loi extract],5BA5D9A4D85D,2,
name_0FBA21,Vi Hoang,A85AA560,2,
name_0FBA29,Luon Truc,A5E6A7ED,2,
name_0FBA43,Ha Van,A4FBA850,2,
name_0FBA4C,Ha Tuan,A4FBA7F7,2,
name_0FBA53,Ha Hau Huyen,A4FBA54AA57A,3,
name_0FBA5B,Hau Ton,A54AA7CA,2,
name_0FBA6B,Ha Hau Thuong,A4FBA54AA7AB,3,
name_0FBA73,Ha Hau Uy,A4FBA54AA84A,3,
name_0FBA7B,Ha Hau An,A4FBA54AA3C7,3,
name_0FBA83,Ha Hau Don,A4FBA54AA4C0,3,
name_0FBA8B,Ha Hau Vien,A4FBA54AA85F,3,
name_0FBA93,Hau Hue,A54AA571,2,
name_0FBA9B,Hau Duc,A54AA4C9,2,
name_0FBAA3,Hau Lan,A54AA5B9,2,
name_0FBAAB,Ha Hau Ba,A4FBA54AA3CC,3,
name_0FBAB3,Ha Hau Mao,A4FBA54AA5FA,3,
name_0FBAC1,Ton Trung,A7CAA7EF,2,
name_0FBAD1,Ton Khoang,A7CAA59C,2,
name_0FBAD9,Ton Tu,A7CAA7F5,2,
name_0FBAF3,Ton Lang,A7CAA5BB,2,
name_0FBAFC,Ton Hoan,A7CAA55E,2,
name_0FBB03,Ton Can,A7CAA3FC,2,
name_0FBB1B,Ton Hao,A7CAA548,2,
name_0FBB23,Ton Sach,A7CAA6F7,2,
name_0FBB2B,Ton Nhu,A7CAA69F,2,
name_0FBB33,Ton Thieu,A7CAA794,2,
name_0FBB3B,Ton Ky,A7CAA5AF,2,
name_0FBB5B,Ton Quan,A7CAA6DC,2,
name_0FBB63,Ton At,A7CAA3CB,2,
name_0FBB71,Ton Kieu,A7CAA5AB,2,
name_0FBB81,Ton Lam,A7CAA5B7,2,
name_0FBB89,Ton Ham,A7CAA542,2,
name_0FBBA3,Tu Thuong,A7F5A7AB,2,
name_0FBBAC,Tu Thuc,A7F5A7A5,2,
name_0FBBB3,Tu Thinh,A7F5A796,2,
name_0FBBCB,Yen Minh,A890A649,2,
name_0FBBD3,Hoan Khai,A55EA588,2,
name_0FBBDB,Hoan Pham,A55EA6C0,2,
name_0FBBE3,To Mao,A7C3A5FA,2,
name_0FBBEB,To Tat,A7C3A76C,2,
name_0FBBF3,[loi extract],5BA5D9A4D85D,2,
name_0FBC03,[loi extract],5BA5D9A4D85D,2,
name_0FBC0B,Tan Mat,A764A5FC,2,
name_0FBC13,Tan Minh,A764A649,2,
name_0FBC1B,[loi extract],5BA5D9A4D85D,2,
name_0FBC21,Cam Ky,A3FAA5AF,2,
name_0FBC31,Tuan Sang,A7F7A6FC,2,
name_0FBC39,Tuan Than,A7F7A77C,2,
name_0FBC53,Tuan Chinh,A7F7A463,2,
name_0FBC5C,Tuan Nghiem,A7F7A677,2,
name_0FBC63,Vien Thuong,A85FA7AB,2,
name_0FBC7B,Vien Thuat,A85FA7A4,2,
name_0FBC83,Vien Hy,A85FA57C,2,
name_0FBC8B,Vien Dam,A85FA499,2,
name_0FBC93,Vien Di,A85FA4AE,2,
name_0FBC9B,Hac Chieu,A4FDA45F,2,
name_0FBCB3,[loi extract],5BA5D9A4D85D,2,
name_0FBCBB,Ma Dai,A5EFA497,2,
name_0FBCC3,Ma Diem,A5EFA4B2,2,
name_0FBCD1,Ma Hoan,A5EFA55E,2,
name_0FBCE1,Ma Han,A5EFA543,2,
name_0FBCE9,Ma Ton,A5EFA7CA,2,
name_0FBD03,Ma Tuc,A5EFA7F8,2,
name_0FBD0C,Ma Nguyen Nghia,A5EFA68AA675,3,
name_0FBD13,Ma Dieu,A5EFA4B6,2,
name_0FBD1B,[loi extract],5BA5D9A4D85D,2,
name_0FBD2B,Cao Dinh,A440A4B8,2,
name_0FBD33,Cao Thuan,A440A7A2,2,
name_0FBD3B,Cao Can,A440A3FC,2,
name_0FBD43,Cao Lam,A440A5B7,2,
name_0FBD4B,Cao Thang,A440A77E,2,
name_0FBD5B,[loi extract],5BA5D9A4D85D,2,
name_0FBD63,[loi extract],5BA5D9A4D85D,2,
name_0FBD6B,O Hoan Xuc,A6B5A55EA889,3,
name_0FBD73,Su Toan,A755A7C5,2,
name_0FBD81,Thoi Nghiem,A79AA677,2,
name_0FBD91,Thoi Luong,A79AA5E7,2,
name_0FBD99,Truong Giac,A7F2A4E7,2,
name_0FBDB3,Truong Nhuong,A7F2A6A5,2,
name_0FBDBC,Truong Vu,A7F2A86B,2,
name_0FBDC3,Truong Doan,A7F2A4BC,2,
name_0FBDDB,Truong Tien,A7F2A7B5,2,
name_0FBDE3,Truong Thua,A7F2A7A0,2,
name_0FBDEB,Truong Tong,A7F2A7CC,2,
name_0FBDF3,Truong Ho,A7F2A557,2,
name_0FBDFB,Truong Nam,A7F2A65F,2,
name_0FBE1B,Truong Hach,A7F2A4FE,2,
name_0FBE23,Truong Phi,A7F2A6CA,2,
name_0FBE31,Truong Duong,A7F2A4D2,2,
name_0FBE41,Truong Dat,A7F2A4A3,2,
name_0FBE49,Truong Ve,A7F2A858,2,
name_0FBE63,Truong Hoanh,A7F2A562,2,
name_0FBE6C,Truong Yen,A7F2A890,2,
name_0FBE73,Truong Lieu,A7F2A5CE,2,
name_0FBE8B,Truong Tu,A7F2A7F5,2,
name_0FBE93,Truong Mac,A7F2A5F1,2,
name_0FBE9B,Truong Hoanh,A7F2A562,2,
name_0FBEA3,Truong Nghi,A7F2A673,2,
name_0FBEAB,Truong Khai,A7F2A588,2,
name_0FBECB,Truong Tuc,A7F2A7F8,2,
name_0FBED3,Truong Thieu,A7F2A794,2,
name_0FBEE1,Truong Cau,A7F2A444,2,
name_0FBEF1,Truong Uoc,A7F2A847,2,
name_0FBEF9,Truong Tap,A7F2A76A,2,
name_0FBF13,Truong Tiet,A7F2A7BA,2,
name_0FBF1C,Truong Hoa,A7F2A559,2,
name_0FBF23,Truong De,A7F2A4A9,2,
name_0FBF3B,Tao Huu,A768A577,2,
name_0FBF43,Tao Vu,A768A86B,2,
name_0FBF4B,Tao An Dan,A768A3C7A49B,3,
name_0FBF53,Tao Tinh,A768A7C1,2,
name_0FBF5B,Tao Ngoang,A768A67D,2,
name_0FBF7B,Tao Hong,A768A569,2,
name_0FBF83,Tao Chan,A768A44C,2,
name_0FBF91,Tao Ton,A768A7CA,2,
name_0FBFA1,Tao Suong,A768A75B,2,
name_0FBFA9,Tao Thuc,A768A7A5,2,
name_0FBFC3,Tao Mao,A768A5FA,2,
name_0FBFCC,Tao Thao,A768A783,2,
name_0FBFD3,Tao Hi,A768A550,2,
name_0FBFEB,Tao Ton,A768A7CA,2,
name_0FBFF3,Luong Cuong,A5E7A48F,2,
name_0FBFFB,Luong Khoan,A5E7A59A,2,
name_0FC570,Luu Bi,A5E9A3DE,2,
name_0FC4B8,Trieu Van,A7E2A850,2,
name_0FC718,G.C.Luong,A4DA2EA3F22EA5E7,3,
name_0FC9A8,Quan Vu,A6DCA86B,2,
panel_0FD4AE,Ra lenh cho,A6EAA5C7A467,3,
panel_0FDA0A,Ra lenh cho,A6EAA5C7A467,3,
panel_0FD086,Quan chu,A6DCA471,2,
panel_0FD426,Quan chu,A6DCA471,2,
panel_0FD9FC,Uy nhiem,A84AA69A,2,
panel_0FAF6C,Quan su,A6DCA756,2,
panel_0FAF74,Noi chinh,A6ABA464,2,
panel_0FAF7C,Ngoai giao,A67CA4ED,2,
panel_0FAFB4,Thai thu,A778A79F,2,
panel_0FAFAC,Quan su,A6DCA756,2,
panel_0FAEA8,Thue suat,A7A7A758,2,
ui_042E18,Choi moi,A469A64F,2,
ui_042E60,Doc save,A4BDA745,2,
ui_042EA8,Tao nhan vat,A768A693A856,3,
